game_id,team,trigger,player,stat,strategy,venue,line_or_strike,price,stake,filled,result,pnl
2026_04_DET_CAR,CAR,Jalen Coker (21%),tetairoa mcmillan,receiving_yards,book_best,bovada,73.5,-110.0,1.0,1.0,loss,-1.0
2026_04_DET_CAR,CAR,Jalen Coker (21%),tetairoa mcmillan,receiving_yards,exchange_best,novig,73.5,-104.0,1.0,1.0,loss,-1.0
2026_04_DET_CAR,CAR,Jalen Coker (21%),tetairoa mcmillan,receiving_yards,novig,novig,73.5,-104.0,1.0,1.0,loss,-1.0
2026_04_DET_CAR,CAR,Jalen Coker (21%),darren waller,receiving_yards,book_best,fanduel,37.5,-113.0,1.0,1.0,win,0.885
2026_04_DET_CAR,CAR,Jalen Coker (21%),darren waller,receiving_yards,exchange_best,novig,37.5,100.0,1.0,1.0,win,1.0
2026_04_DET_CAR,CAR,Jalen Coker (21%),darren waller,receiving_yards,novig,novig,37.5,100.0,1.0,1.0,win,1.0
2026_04_DET_CAR,CAR,Jalen Coker (21%),brycen tremayne,receiving_yards,book_best,draftkings,33.5,-112.0,1.0,1.0,win,0.8929
2026_04_DET_CAR,CAR,Jalen Coker (21%),brycen tremayne,receiving_yards,exchange_best,prophetx,33.5,106.0,1.0,1.0,win,1.06
2026_04_DET_CAR,CAR,Jalen Coker (21%),brycen tremayne,receiving_yards,novig,novig,33.5,-104.0,1.0,1.0,win,0.9615
2026_04_DET_CAR,CAR,Jalen Coker (21%),chuba hubbard,receiving_yards,book_best,betmgm,18.5,-110.0,1.0,1.0,win,0.9091
2026_04_DET_CAR,CAR,Jalen Coker (21%),chuba hubbard,receiving_yards,exchange_best,novig,18.5,100.0,1.0,1.0,win,1.0
2026_04_DET_CAR,CAR,Jalen Coker (21%),chuba hubbard,receiving_yards,novig,novig,18.5,100.0,1.0,1.0,win,1.0
2026_04_DET_CAR,CAR,Jalen Coker (21%),john metchie,receiving_yards,book_best,draftkings,17.5,-109.0,1.0,1.0,loss,-1.0
2026_04_DET_CAR,CAR,Jalen Coker (21%),john metchie,receiving_yards,exchange_best,novig,17.5,-102.0,1.0,1.0,loss,-1.0
2026_04_DET_CAR,CAR,Jalen Coker (21%),john metchie,receiving_yards,novig,novig,17.5,-102.0,1.0,1.0,loss,-1.0
2026_04_DET_CAR,CAR,Jalen Coker (21%),tommy tremble,receiving_yards,book_best,betrivers,13.5,-110.0,1.0,1.0,win,0.9091
2026_04_DET_CAR,CAR,Jalen Coker (21%),tommy tremble,receiving_yards,exchange_best,novig,13.5,106.0,1.0,1.0,win,1.06
2026_04_DET_CAR,CAR,Jalen Coker (21%),tommy tremble,receiving_yards,novig,novig,13.5,106.0,1.0,1.0,win,1.06
2026_04_DET_CAR,CAR,Jalen Coker (21%),mitchell evans,receiving_yards,book_best,draftkings,7.5,-107.0,1.0,1.0,loss,-1.0
2026_04_DET_CAR,CAR,Jalen Coker (21%),mitchell evans,receiving_yards,exchange_best,novig,7.5,-104.0,1.0,1.0,loss,-1.0
2026_04_DET_CAR,CAR,Jalen Coker (21%),mitchell evans,receiving_yards,novig,novig,7.5,-104.0,1.0,1.0,loss,-1.0
2026_04_DET_CAR,CAR,Jalen Coker (21%),tetairoa mcmillan,receptions,book_best,bovada,5.5,-135.0,1.0,1.0,loss,-1.0
2026_04_DET_CAR,CAR,Jalen Coker (21%),tetairoa mcmillan,receptions,exchange_best,novig,5.5,-138.0,1.0,1.0,loss,-1.0
2026_04_DET_CAR,CAR,Jalen Coker (21%),tetairoa mcmillan,receptions,novig,novig,5.5,-138.0,1.0,1.0,loss,-1.0
2026_04_DET_CAR,CAR,Jalen Coker (21%),darren waller,receptions,book_best,fanatics,3.5,100.0,1.0,1.0,win,1.0
2026_04_DET_CAR,CAR,Jalen Coker (21%),darren waller,receptions,exchange_best,novig,3.5,104.0,1.0,1.0,win,1.04
2026_04_DET_CAR,CAR,Jalen Coker (21%),darren waller,receptions,novig,novig,3.5,104.0,1.0,1.0,win,1.04
2026_04_DET_CAR,CAR,Jalen Coker (21%),chuba hubbard,receptions,book_best,betmgm,2.5,130.0,1.0,1.0,win,1.3
2026_04_DET_CAR,CAR,Jalen Coker (21%),chuba hubbard,receptions,exchange_best,prophetx,2.5,128.0,1.0,1.0,win,1.28
2026_04_DET_CAR,CAR,Jalen Coker (21%),chuba hubbard,receptions,novig,novig,2.5,127.0,1.0,1.0,win,1.27
2026_04_DET_CAR,CAR,Jalen Coker (21%),brycen tremayne,receptions,book_best,betmgm,2.5,105.0,1.0,1.0,win,1.05
2026_04_DET_CAR,CAR,Jalen Coker (21%),brycen tremayne,receptions,exchange_best,novig,2.5,-102.0,1.0,1.0,win,0.9804
2026_04_DET_CAR,CAR,Jalen Coker (21%),brycen tremayne,receptions,novig,novig,2.5,-102.0,1.0,1.0,win,0.9804
2026_04_DET_CAR,CAR,Jalen Coker (21%),john metchie,receptions,book_best,draftkings,1.5,124.0,1.0,1.0,loss,-1.0
2026_04_DET_CAR,CAR,Jalen Coker (21%),john metchie,receptions,exchange_best,novig,1.5,127.0,1.0,1.0,loss,-1.0
2026_04_DET_CAR,CAR,Jalen Coker (21%),john metchie,receptions,novig,novig,1.5,127.0,1.0,1.0,loss,-1.0
2026_04_DET_CAR,CAR,Jalen Coker (21%),tommy tremble,receptions,book_best,fanduel,1.5,122.0,1.0,1.0,loss,-1.0
2026_04_DET_CAR,CAR,Jalen Coker (21%),tommy tremble,receptions,exchange_best,prophetx,1.5,130.0,1.0,1.0,loss,-1.0
2026_04_DET_CAR,CAR,Jalen Coker (21%),tommy tremble,receptions,novig,novig,1.5,127.0,1.0,1.0,loss,-1.0
2026_04_DET_CAR,CAR,Jalen Coker (21%),mitchell evans,receptions,book_best,draftkings,1.5,-205.0,1.0,1.0,win,0.4878
2026_04_DET_CAR,CAR,Jalen Coker (21%),mitchell evans,receptions,exchange_best,novig,1.5,-190.0,1.0,1.0,win,0.5263
2026_04_DET_CAR,CAR,Jalen Coker (21%),mitchell evans,receptions,novig,novig,1.5,-190.0,1.0,1.0,win,0.5263
2026_04_DET_CAR,CAR,Jalen Coker (21%),brycen tremayne,receiving_yards,kalshi_take_all,KXNFLRECYDS-26OCT04DETCAR-CARBTREMAYNE87-40,40.0,0.59,0.61,1.0,win,0.39
2026_04_DET_CAR,CAR,Jalen Coker (21%),brycen tremayne,receiving_yards,kalshi_take_tight,KXNFLRECYDS-26OCT04DETCAR-CARBTREMAYNE87-40,40.0,0.59,0.61,1.0,win,0.39
2026_04_DET_CAR,CAR,Jalen Coker (21%),brycen tremayne,receiving_yards,kalshi_rest_mid,KXNFLRECYDS-26OCT04DETCAR-CARBTREMAYNE87-40,40.0,0.58,0.0,0.0,unfilled,0.0
2026_04_DET_CAR,CAR,Jalen Coker (21%),brycen tremayne,receptions,kalshi_take_all,KXNFLREC-26OCT04DETCAR-CARBTREMAYNE87-3,3.0,0.51,0.53,1.0,win,0.47
2026_04_DET_CAR,CAR,Jalen Coker (21%),brycen tremayne,receptions,kalshi_take_tight,KXNFLREC-26OCT04DETCAR-CARBTREMAYNE87-3,3.0,0.51,0.53,1.0,win,0.47
2026_04_DET_CAR,CAR,Jalen Coker (21%),brycen tremayne,receptions,kalshi_rest_mid,KXNFLREC-26OCT04DETCAR-CARBTREMAYNE87-3,3.0,0.5,0.0,0.0,unfilled,0.0
2026_04_DET_CAR,CAR,Jalen Coker (21%),chuba hubbard,receiving_yards,kalshi_take_all,KXNFLRECYDS-26OCT04DETCAR-CARCHUBBARD30-15,15.0,0.41,0.43,1.0,win,0.57
2026_04_DET_CAR,CAR,Jalen Coker (21%),chuba hubbard,receiving_yards,kalshi_take_tight,KXNFLRECYDS-26OCT04DETCAR-CARCHUBBARD30-15,15.0,0.41,0.43,1.0,win,0.57
2026_04_DET_CAR,CAR,Jalen Coker (21%),chuba hubbard,receiving_yards,kalshi_rest_mid,KXNFLRECYDS-26OCT04DETCAR-CARCHUBBARD30-15,15.0,0.4,0.0,0.0,unfilled,0.0
2026_04_DET_CAR,CAR,Jalen Coker (21%),chuba hubbard,receptions,kalshi_take_all,KXNFLREC-26OCT04DETCAR-CARCHUBBARD30-3,3.0,0.44,0.46,1.0,win,0.54
2026_04_DET_CAR,CAR,Jalen Coker (21%),chuba hubbard,receptions,kalshi_take_tight,KXNFLREC-26OCT04DETCAR-CARCHUBBARD30-3,3.0,0.44,0.46,1.0,win,0.54
2026_04_DET_CAR,CAR,Jalen Coker (21%),chuba hubbard,receptions,kalshi_rest_mid,KXNFLREC-26OCT04DETCAR-CARCHUBBARD30-3,3.0,0.43,0.0,0.0,unfilled,0.0
2026_04_DET_CAR,CAR,Jalen Coker (21%),darren waller,receiving_yards,kalshi_take_all,KXNFLRECYDS-26OCT04DETCAR-CARDWALLER88-40,40.0,0.54,0.56,1.0,win,0.44
2026_04_DET_CAR,CAR,Jalen Coker (21%),darren waller,receiving_yards,kalshi_take_tight,KXNFLRECYDS-26OCT04DETCAR-CARDWALLER88-40,40.0,0.54,0.56,1.0,win,0.44
2026_04_DET_CAR,CAR,Jalen Coker (21%),darren waller,receiving_yards,kalshi_rest_mid,KXNFLRECYDS-26OCT04DETCAR-CARDWALLER88-40,40.0,0.54,0.54,1.0,win,0.46
2026_04_DET_CAR,CAR,Jalen Coker (21%),darren waller,receptions,kalshi_take_all,KXNFLREC-26OCT04DETCAR-CARDWALLER88-4,4.0,0.5,0.52,1.0,win,0.48
2026_04_DET_CAR,CAR,Jalen Coker (21%),darren waller,receptions,kalshi_take_tight,KXNFLREC-26OCT04DETCAR-CARDWALLER88-4,4.0,0.5,0.52,1.0,win,0.48
2026_04_DET_CAR,CAR,Jalen Coker (21%),darren waller,receptions,kalshi_rest_mid,KXNFLREC-26OCT04DETCAR-CARDWALLER88-4,4.0,0.5,0.5,1.0,win,0.5
2026_04_DET_CAR,CAR,Jalen Coker (21%),mitchell evans,receiving_yards,kalshi_take_all,KXNFLRECYDS-26OCT04DETCAR-CARMEVANS84-15,15.0,0.7,0.72,1.0,win,0.28
2026_04_DET_CAR,CAR,Jalen Coker (21%),mitchell evans,receiving_yards,kalshi_take_tight,KXNFLRECYDS-26OCT04DETCAR-CARMEVANS84-15,15.0,0.7,0.72,1.0,win,0.28
2026_04_DET_CAR,CAR,Jalen Coker (21%),mitchell evans,receiving_yards,kalshi_rest_mid,KXNFLRECYDS-26OCT04DETCAR-CARMEVANS84-15,15.0,0.69,0.69,1.0,win,0.31
2026_04_DET_CAR,CAR,Jalen Coker (21%),mitchell evans,receptions,kalshi_take_all,KXNFLREC-26OCT04DETCAR-CARMEVANS84-2,2.0,0.66,0.68,1.0,win,0.32
2026_04_DET_CAR,CAR,Jalen Coker (21%),mitchell evans,receptions,kalshi_take_tight,KXNFLREC-26OCT04DETCAR-CARMEVANS84-2,2.0,0.66,0.68,1.0,win,0.32
2026_04_DET_CAR,CAR,Jalen Coker (21%),mitchell evans,receptions,kalshi_rest_mid,KXNFLREC-26OCT04DETCAR-CARMEVANS84-2,2.0,0.65,0.65,1.0,win,0.35
2026_04_DET_CAR,CAR,Jalen Coker (21%),tetairoa mcmillan,receiving_yards,kalshi_take_all,KXNFLRECYDS-26OCT04DETCAR-CARTMCMILLAN4-70,70.0,0.48,0.5,1.0,loss,-0.5
2026_04_DET_CAR,CAR,Jalen Coker (21%),tetairoa mcmillan,receiving_yards,kalshi_take_tight,KXNFLRECYDS-26OCT04DETCAR-CARTMCMILLAN4-70,70.0,0.48,0.5,1.0,loss,-0.5
2026_04_DET_CAR,CAR,Jalen Coker (21%),tetairoa mcmillan,receiving_yards,kalshi_rest_mid,KXNFLRECYDS-26OCT04DETCAR-CARTMCMILLAN4-70,70.0,0.48,0.48,1.0,loss,-0.48
2026_04_DET_CAR,CAR,Jalen Coker (21%),tetairoa mcmillan,receptions,kalshi_take_all,KXNFLREC-26OCT04DETCAR-CARTMCMILLAN4-6,6.0,0.58,0.6,1.0,loss,-0.6
2026_04_DET_CAR,CAR,Jalen Coker (21%),tetairoa mcmillan,receptions,kalshi_take_tight,KXNFLREC-26OCT04DETCAR-CARTMCMILLAN4-6,6.0,0.58,0.6,1.0,loss,-0.6
2026_04_DET_CAR,CAR,Jalen Coker (21%),tetairoa mcmillan,receptions,kalshi_rest_mid,KXNFLREC-26OCT04DETCAR-CARTMCMILLAN4-6,6.0,0.57,0.0,0.0,unfilled,-0.0
2026_04_DET_CAR,CAR,Jalen Coker (21%),tommy tremble,receiving_yards,kalshi_take_all,KXNFLRECYDS-26OCT04DETCAR-CARTTREMBLE82-15,15.0,0.54,0.56,1.0,win,0.44
2026_04_DET_CAR,CAR,Jalen Coker (21%),tommy tremble,receiving_yards,kalshi_take_tight,KXNFLRECYDS-26OCT04DETCAR-CARTTREMBLE82-15,15.0,0.54,0.56,1.0,win,0.44
2026_04_DET_CAR,CAR,Jalen Coker (21%),tommy tremble,receiving_yards,kalshi_rest_mid,KXNFLRECYDS-26OCT04DETCAR-CARTTREMBLE82-15,15.0,0.54,0.54,1.0,win,0.46
2026_04_DET_CAR,CAR,Jalen Coker (21%),tommy tremble,receptions,kalshi_take_all,KXNFLREC-26OCT04DETCAR-CARTTREMBLE82-2,2.0,0.44,0.46,1.0,loss,-0.46
2026_04_DET_CAR,CAR,Jalen Coker (21%),tommy tremble,receptions,kalshi_take_tight,KXNFLREC-26OCT04DETCAR-CARTTREMBLE82-2,2.0,0.44,0.46,1.0,loss,-0.46
2026_04_DET_CAR,CAR,Jalen Coker (21%),tommy tremble,receptions,kalshi_rest_mid,KXNFLREC-26OCT04DETCAR-CARTTREMBLE82-2,2.0,0.43,0.43,1.0,loss,-0.43
