setup,k,w,l,p,w_disc,l_disc,w_hold,l_hold,roi_actual,n,pct,pct_disc,n_hold,pct_hold,pval,pval_disc,qval,edge,bet,disc_side_ok,hold_same_side,hold_beats_vig
away + dog 3.5-6.5 + win pct <= .35 last yr,3,138,88,0,86,48,52,40,0.1844509221728646,226,0.6106194690265486,0.6417910447761194,92,0.5652173913043478,0.001070932737660802,0.00130375867109865,1.0,0.11061946902654862,ON,True,True,True
opp ATS >= .65 (6+ gp) + made playoffs last yr + weeks 5-12,3,112,78,6,68,35,44,43,0.14014174314369474,190,0.5894736842105263,0.6601941747572816,87,0.5057471264367817,0.01643585699348169,0.0014896711969493315,1.0,0.08947368421052626,ON,True,True,False
off 2 straight SU wins + win pct >= .667 (4+ gp) + weeks 13+ (reg),3,162,198,7,74,115,88,83,-0.12089339386696726,360,0.45,0.3915343915343915,171,0.5146198830409356,0.06493719224900985,0.00350813993187232,1.0,0.04999999999999999,FADE,True,False,False
home + fav + win pct <= .35 last yr,3,170,212,11,97,143,73,69,-0.130800094343203,382,0.44502617801047123,0.4041666666666667,142,0.5140845070422535,0.03579010696620921,0.0035873945494227077,1.0,0.05497382198952877,FADE,True,False,False
off upset win (won as dog) + off ATS win + opp off ATS miss by 14+,3,94,57,4,60,32,34,25,0.21171803711892878,151,0.6225165562913907,0.6521739130434783,59,0.576271186440678,0.0032594073594768786,0.004609105461459271,1.0,0.12251655629139069,ON,True,True,True
off upset win (won as dog) + opp off ATS miss by 14+,2,94,57,4,60,32,34,25,0.21171803711892878,151,0.6225165562913907,0.6521739130434783,59,0.576271186440678,0.0032594073594768786,0.004609105461459271,1.0,0.12251655629139069,ON,True,True,True
opp ATS >= .65 (6+ gp) + made playoffs last yr,2,191,149,11,110,72,81,77,0.08631864050786692,340,0.5617647058823529,0.6043956043956044,158,0.5126582278481012,0.026034507883329654,0.005942580538128378,1.0,0.061764705882352944,ON,True,True,False
home + opp off SU loss + opp made playoffs last yr,3,135,180,10,74,112,61,68,-0.16084671023452418,315,0.42857142857142855,0.3978494623655914,129,0.4728682170542636,0.013045798684915014,0.00651220325016162,1.0,0.07142857142857145,FADE,True,True,True
off 2 straight ATS losses + made playoffs last yr + primetime,3,98,68,5,53,28,45,40,0.1411469627006835,166,0.5903614457831325,0.654320987654321,85,0.5294117647058824,0.024103430673146856,0.007275502036308492,1.0,0.09036144578313254,ON,True,True,True
home + win pct <= .35 last yr + late afternoon,3,106,127,3,52,84,54,43,-0.11502777916110325,233,0.45493562231759654,0.38235294117647056,97,0.5567010309278351,0.19000041751490285,0.007623827173866311,1.0,0.045064377682403456,FADE,True,False,False
off 1-score loss + made playoffs last yr + primetime,3,93,71,6,58,32,35,39,0.09774385599221488,164,0.5670731707317073,0.6444444444444445,74,0.47297297297297297,0.10074873032394119,0.008045928133225093,1.0,0.06707317073170727,ON,True,False,False
off SU loss + win pct >= .667 (4+ gp) + weeks 13+ (reg),3,79,62,4,52,28,27,34,0.09279200728552003,141,0.5602836879432624,0.65,61,0.4426229508196721,0.17762983675110358,0.009682849923057572,1.0,0.06028368794326244,ON,True,False,False
off 2 straight SU wins + weeks 13+ (reg),2,334,372,16,169,221,165,151,-0.07663794126438471,706,0.4730878186968839,0.43333333333333335,316,0.5221518987341772,0.1637203302210514,0.009720058412376449,1.0,0.026912181303116123,FADE,True,False,False
away + off SU win + wind >=15mph,3,93,74,7,65,38,28,36,0.08324152872286343,167,0.5568862275449101,0.6310679611650486,64,0.4375,0.16345866995913236,0.010063333265586338,1.0,0.05688622754491013,ON,True,False,False
home + opp off SU win + wind >=15mph,3,74,93,7,38,65,36,28,-0.13302831293959502,167,0.4431137724550898,0.36893203883495146,64,0.5625,0.16345866995913236,0.010063333265586338,1.0,0.056886227544910184,FADE,True,False,False
home + off 2 straight SU losses + win pct <= .35 last yr,3,125,144,5,60,92,65,52,-0.0999554322458012,269,0.4646840148698885,0.39473684210526316,117,0.5555555555555556,0.2724021811211509,0.011673129672852275,1.0,0.03531598513011153,FADE,True,False,False
off ATS win + opp off SU win + ATS >= .65 (6+ gp),3,153,181,7,74,109,79,72,-0.10954637594989225,334,0.45808383233532934,0.40437158469945356,151,0.5231788079470199,0.13945865704744825,0.011751828037832772,1.0,0.041916167664670656,FADE,True,False,False
home + win pct <= .35 last yr + non-division,3,256,292,10,132,177,124,115,-0.09353620315535427,548,0.46715328467153283,0.42718446601941745,239,0.5188284518828452,0.13480832851048946,0.012188079133182818,1.0,0.03284671532846717,FADE,True,False,False
home + off upset loss (lost as fav) + weeks 5-12,3,100,135,12,57,88,43,47,-0.165542866104914,235,0.425531914893617,0.3931034482758621,90,0.4777777777777778,0.02634971370824368,0.01245689834117241,1.0,0.07446808510638298,FADE,True,True,False
home + win pct <= .35 last yr,2,413,445,19,216,272,197,173,-0.06494069359245677,858,0.4813519813519814,0.4426229508196721,370,0.5324324324324324,0.28990285956158374,0.012704289350780409,1.0,0.018648018648018627,FADE,True,False,False
fav + win pct <= .35 last yr + non-division,3,181,209,13,98,137,83,72,-0.09578333863748582,390,0.4641025641025641,0.41702127659574467,155,0.535483870967742,0.1714837917126204,0.013013144573389071,1.0,0.03589743589743588,FADE,True,False,False
off 1-score loss + off 2 straight ATS losses + opp off SU win,3,145,116,12,89,58,56,58,0.07523401677723834,261,0.5555555555555556,0.6054421768707483,114,0.49122807017543857,0.08287059617057389,0.013077697334512176,1.0,0.05555555555555558,ON,True,False,False
ATS >= .65 (6+ gp) + opp made playoffs last yr,2,87,117,6,50,79,37,38,-0.16790474808743708,204,0.4264705882352941,0.3875968992248062,75,0.49333333333333335,0.04205139482879743,0.013380437039567972,1.0,0.0735294117647059,FADE,True,True,False
off 1-score loss + off 2 straight ATS losses,2,300,251,22,183,138,117,113,0.05747272447566677,551,0.5444646098003629,0.5700934579439252,230,0.508695652173913,0.040770653475490845,0.013929801316133422,1.0,0.04446460980036293,ON,True,True,False
dog + off upset win (won as dog) + dome/closed,3,118,80,2,61,36,57,44,0.15854264516001806,198,0.5959595959595959,0.6288659793814433,101,0.5643564356435643,0.008386485389687896,0.014389633007095667,1.0,0.09595959595959591,ON,True,True,True
off 1-score loss + off 2 straight ATS losses + made playoffs last yr,3,134,99,9,82,53,52,46,0.11613989513090948,233,0.575107296137339,0.6074074074074074,98,0.5306122448979592,0.025708208787723376,0.015644196051848806,1.0,0.07510729613733902,ON,True,True,True
off ATS win + ATS >= .65 (6+ gp) + opp made playoffs last yr,3,63,91,3,34,58,29,33,-0.20398160080322908,154,0.4090909090909091,0.3695652173913043,62,0.46774193548387094,0.02924556857196787,0.01602027478889998,1.0,0.09090909090909088,FADE,True,True,True
fav + off 2 straight ATS losses + win pct >= .667 (4+ gp),3,99,75,4,54,31,45,44,0.11108773730680291,174,0.5689655172413793,0.6352941176470588,89,0.5056179775280899,0.08092659296355391,0.016508822028535212,1.0,0.06896551724137934,ON,True,True,False
fav + opp off SU win + win pct <= .35 last yr,3,87,114,3,50,78,37,36,-0.15827706042677925,201,0.43283582089552236,0.390625,73,0.5068493150684932,0.06640168631276235,0.016670734269697344,1.0,0.06716417910447764,FADE,True,False,False
win pct <= .35 last yr + division game + dome/closed,3,107,66,3,55,32,52,34,0.1964215461238181,173,0.6184971098265896,0.632183908045977,86,0.6046511627906976,0.0022621705763248914,0.017827552929735955,1.0,0.11849710982658956,ON,True,True,True
rest disadv 3+ days + off SU loss + off 2 straight ATS losses,3,106,81,6,70,44,36,37,0.1027821784732568,187,0.5668449197860963,0.6140350877192983,73,0.4931506849315068,0.07897134041071452,0.018810748824884094,1.0,0.0668449197860963,ON,True,False,False
off 2 straight SU wins + off ATS cover by 14+ + ATS >= .65 (6+ gp),3,60,78,2,30,52,30,26,-0.1562769441429158,138,0.43478260869565216,0.36585365853658536,56,0.5357142857142857,0.1475918641688607,0.0198269158458416,1.0,0.06521739130434784,FADE,True,False,False
fav + win pct <= .35 last yr + late afternoon,3,73,87,4,31,53,42,34,-0.11149779672187828,160,0.45625,0.36904761904761907,76,0.5526315789473685,0.30405987771541065,0.021383189937144585,1.0,0.04375000000000001,FADE,True,False,False
made playoffs last yr + wind >=15mph,2,144,112,7,84,56,60,56,0.09158239702224509,256,0.5625,0.6,116,0.5172413793103449,0.05247167333214306,0.02215495598055953,1.0,0.0625,ON,True,True,False
away + win pct <= .333 (4+ gp) + win pct <= .35 last yr,3,154,127,7,90,61,64,66,0.05893450775367713,281,0.5480427046263345,0.5960264900662252,130,0.49230769230769234,0.12073960485853226,0.02237514133321594,1.0,0.04804270462633453,ON,True,False,False
home + off ATS win + win pct <= .35 last yr,3,189,219,11,94,129,95,90,-0.09801667399925268,408,0.4632352941176471,0.42152466367713004,185,0.5135135135135135,0.15099526470061245,0.022584267057569073,1.0,0.03676470588235292,FADE,True,False,False
made playoffs last yr + cross-country road trip,2,98,75,7,54,32,44,43,0.10031819355253355,173,0.5664739884393064,0.627906976744186,87,0.5057471264367817,0.0941147230155386,0.02298259190715704,1.0,0.06647398843930641,ON,True,True,False
off ATS loss + opp ATS >= .65 (6+ gp) + made playoffs last yr,3,88,69,4,54,32,34,37,0.08071812480867692,157,0.5605095541401274,0.627906976744186,71,0.4788732394366197,0.15061414693468902,0.02298259190715704,1.0,0.060509554140127375,ON,True,False,False
away + made playoffs last yr + cross-country road trip,3,98,75,7,54,32,44,43,0.10031819355253355,173,0.5664739884393064,0.627906976744186,87,0.5057471264367817,0.0941147230155386,0.02298259190715704,1.0,0.06647398843930641,ON,True,True,False
made playoffs last yr + non-division + cross-country road trip,3,98,75,7,54,32,44,43,0.10031819355253355,173,0.5664739884393064,0.627906976744186,87,0.5057471264367817,0.0941147230155386,0.02298259190715704,1.0,0.06647398843930641,ON,True,True,False
fav 7+ + off SU loss + better record than opp by .3+,3,88,65,5,54,32,34,33,0.13084450749725376,153,0.5751633986928104,0.627906976744186,67,0.5074626865671642,0.07496157752821145,0.02298259190715704,1.0,0.07516339869281041,ON,True,True,False
dog 7+ + opp off SU loss + worse record than opp by .3+,3,65,88,5,32,54,33,34,-0.18571185043998073,153,0.42483660130718953,0.37209302325581395,67,0.4925373134328358,0.07496157752821145,0.02298259190715704,1.0,0.07516339869281047,FADE,True,True,False
home + off 2 straight ATS wins + late afternoon,3,120,134,2,57,85,63,49,-0.07783476986474122,254,0.47244094488188976,0.4014084507042254,112,0.5625,0.4147280964897638,0.023125726989789205,1.0,0.027559055118110243,FADE,True,False,False
off SU win + opp ATS >= .65 (6+ gp) + made playoffs last yr,3,123,97,8,69,44,54,53,0.08517550912520988,220,0.5590909090909091,0.6106194690265486,107,0.5046728971962616,0.09166541830579691,0.02353400212601001,1.0,0.05909090909090908,ON,True,True,False
off blowout win (17+) + weeks 1-4,2,69,94,3,37,60,32,34,-0.17010543995363583,163,0.4233128834355828,0.38144329896907214,66,0.48484848484848486,0.059798913627112295,0.02499073659259804,1.0,0.07668711656441718,FADE,True,True,False
off blowout win (17+) + off ATS win + weeks 1-4,3,69,94,3,37,60,32,34,-0.17010543995363583,163,0.4233128834355828,0.38144329896907214,66,0.48484848484848486,0.059798913627112295,0.02499073659259804,1.0,0.07668711656441718,FADE,True,True,False
opp off blowout win (17+) + weeks 1-4,2,94,69,3,60,37,34,32,0.11825720398628894,163,0.5766871165644172,0.6185567010309279,66,0.5151515151515151,0.059798913627112295,0.02499073659259804,1.0,0.07668711656441718,ON,True,True,False
off 1-score loss + opp off SU loss + pt diff/gm <= -7 (4+ gp),3,65,85,4,30,51,35,34,-0.1506841909288139,150,0.43333333333333335,0.37037037037037035,69,0.5072463768115942,0.12052916970948825,0.02565435797169624,1.0,0.06666666666666665,FADE,True,False,False
away + off 1-score loss + off 2 straight ATS losses,3,155,130,12,100,70,55,60,0.055154133609251914,285,0.543859649122807,0.5882352941176471,115,0.4782608695652174,0.15500851362946136,0.025844387581341704,1.0,0.04385964912280704,ON,True,False,False
home + win pct <= .333 (4+ gp) + win pct <= .35 last yr,3,124,143,7,55,82,69,61,-0.09770580012179103,267,0.46441947565543074,0.40145985401459855,130,0.5307692307692308,0.27061212950230945,0.025966837322664315,1.0,0.035580524344569264,FADE,True,False,False
home + off 2 straight SU wins + weeks 13+ (reg),3,155,180,9,76,107,79,73,-0.09828255619635229,335,0.4626865671641791,0.41530054644808745,152,0.5197368421052632,0.18969092553334235,0.02630666387461038,1.0,0.03731343283582089,FADE,True,False,False
off 2 straight ATS losses + win pct >= .667 (4+ gp),2,125,95,6,66,42,59,53,0.10826818648181258,220,0.5681818181818182,0.6111111111111112,112,0.5267857142857143,0.05031455926862726,0.026423520277147883,1.0,0.06818181818181823,ON,True,True,True
off 1-score loss + opp off blowout win (17+),2,114,126,5,61,89,53,37,-0.07497944075193401,240,0.475,0.4066666666666667,90,0.5888888888888889,0.47775175630333605,0.02715259073764602,1.0,0.025000000000000022,FADE,True,False,False
off SU win + made playoffs last yr + wind >=15mph,3,91,65,5,52,31,39,34,0.13039245489278206,156,0.5833333333333334,0.6265060240963856,73,0.5342465753424658,0.04498016418904383,0.027534178012294533,1.0,0.08333333333333337,ON,True,True,True
away + win pct <= .333 (4+ gp) + weeks 5-12,3,237,207,15,145,109,92,98,0.03223342917492979,444,0.5337837837837838,0.5708661417322834,190,0.4842105263157895,0.1686638799300801,0.027887436371123255,1.0,0.03378378378378377,ON,True,False,False
away + off ATS loss + late afternoon,3,259,238,10,161,123,98,115,0.010456811950340589,497,0.5211267605633803,0.5669014084507042,213,0.460093896713615,0.36966938350915624,0.0279476449129891,1.0,0.021126760563380254,ON,True,False,False
off 2 straight SU wins + weeks 13+ (reg) + division game,3,155,191,9,84,116,71,75,-0.12301183614675563,346,0.4479768786127168,0.42,146,0.4863013698630137,0.05973210151376032,0.02812540723292633,1.0,0.05202312138728321,FADE,True,True,False
fav + off SU loss + better record than opp by .3+,3,134,115,7,84,57,50,58,0.05588674429835297,249,0.5381526104417671,0.5957446808510638,108,0.46296296296296297,0.2539461213367081,0.028195308926877397,1.0,0.0381526104417671,ON,True,False,False
off ATS miss by 14+ + opp off SU win + weeks 5-12,3,101,121,3,58,85,43,36,-0.11620875330498383,222,0.45495495495495497,0.40559440559440557,79,0.5443037974683544,0.20213432065995837,0.02933159453346612,1.0,0.04504504504504503,FADE,True,False,False
off SU win + opp off ATS miss by 14+ + weeks 5-12,3,121,101,3,85,58,36,43,0.064876056926473,222,0.545045045045045,0.5944055944055944,79,0.45569620253164556,0.20213432065995837,0.02933159453346612,1.0,0.04504504504504503,ON,True,False,False
off 2 straight ATS losses + non-division + total <=41,3,96,75,8,63,40,33,35,0.08249785092487961,171,0.5614035087719298,0.6116504854368932,68,0.4852941176470588,0.12590877118764401,0.02968221463162667,1.0,0.06140350877192979,ON,True,False,False
off SU win + opp off SU loss + wind >=15mph,3,89,70,5,63,40,26,30,0.09226138199126935,159,0.559748427672956,0.6116504854368932,56,0.4642857142857143,0.15321494676013286,0.02968221463162667,1.0,0.05974842767295596,ON,True,False,False
off SU loss + opp off SU win + wind >=15mph,3,70,89,5,40,63,30,26,-0.13919985777912536,159,0.44025157232704404,0.3883495145631068,56,0.5357142857142857,0.15321494676013286,0.02968221463162667,1.0,0.05974842767295596,FADE,True,False,False
off 2 straight ATS wins + win pct <= .35 last yr + non-division,3,112,130,7,49,74,63,56,-0.09871808676513913,242,0.4628099173553719,0.3983739837398374,119,0.5294117647058824,0.2744497345959785,0.030046914835545075,1.0,0.037190082644628086,FADE,True,False,False
off 2 straight SU wins + final 2 reg weeks,2,125,151,5,64,92,61,59,-0.1188420638902697,276,0.4528985507246377,0.41025641025641024,120,0.5083333333333333,0.1322219132790984,0.030310315643800153,1.0,0.047101449275362306,FADE,True,False,False
off blowout loss (17+) + opp off SU loss + weeks 5-12,3,111,90,5,69,45,42,45,0.06988321861486638,201,0.5522388059701493,0.6052631578947368,87,0.4827586206896552,0.15816534520094067,0.03077632385440321,1.0,0.052238805970149294,ON,True,False,False
off SU loss + opp off blowout loss (17+) + weeks 5-12,3,90,111,5,45,69,45,42,-0.12492988875899717,201,0.44776119402985076,0.39473684210526316,87,0.5172413793103449,0.15816534520094067,0.03077632385440321,1.0,0.05223880597014924,FADE,True,False,False
fav + off SU win + dome/closed,3,263,323,12,136,175,127,148,-0.122144021140032,586,0.44880546075085326,0.43729903536977494,275,0.4618181818181818,0.01472855272983246,0.031013807689606553,1.0,0.05119453924914674,FADE,True,True,True
dog + opp off SU win + dome/closed,3,323,263,12,175,136,148,127,0.0661830453604599,586,0.5511945392491467,0.5627009646302251,275,0.5381818181818182,0.01472855272983246,0.031013807689606553,1.0,0.05119453924914674,ON,True,True,True
off 2 straight SU wins + off ATS win + weeks 13+ (reg),3,256,290,14,129,167,127,123,-0.08369382909885831,546,0.46886446886446886,0.4358108108108108,250,0.508,0.1578075561498343,0.031335444608705056,1.0,0.031135531135531136,FADE,True,False,False
off 2 straight SU wins + ATS >= .65 (6+ gp) + weeks 13+ (reg),3,64,91,4,33,54,31,37,-0.19314755135826558,155,0.4129032258064516,0.3793103448275862,68,0.45588235294117646,0.03642275253765168,0.03141811023384611,1.0,0.08709677419354839,FADE,True,True,True
dog + off SU win + dome/closed,3,258,197,7,135,101,123,96,0.09985775998184133,455,0.567032967032967,0.5720338983050848,219,0.5616438356164384,0.004856120101245272,0.031486049698257426,1.0,0.06703296703296702,ON,True,True,True
fav + opp off SU win + dome/closed,3,197,258,7,101,135,96,123,-0.1542516032422575,455,0.432967032967033,0.4279661016949153,219,0.4383561643835616,0.004856120101245272,0.031486049698257426,1.0,0.06703296703296702,FADE,True,True,True
dog + off 2 straight SU wins + weeks 13+ (reg),3,116,142,5,60,87,56,55,-0.12146482185947477,258,0.4496124031007752,0.40816326530612246,111,0.5045045045045045,0.11943550757541983,0.03164540941802103,1.0,0.050387596899224785,FADE,True,False,False
dog + win pct <= .35 last yr + dome/closed,3,178,132,3,87,60,91,72,0.11048087346203365,310,0.5741935483870968,0.5918367346938775,163,0.558282208588957,0.010477557378092186,0.03164540941802103,1.0,0.0741935483870968,ON,True,True,True
off 2 straight SU wins + off ATS cover by 14+ + 1pm ET window,3,97,126,9,55,81,42,45,-0.14415047908388912,223,0.4349775784753363,0.40441176470588236,87,0.4827586206896552,0.060547119354711826,0.03167366339108271,1.0,0.0650224215246637,FADE,True,True,False
dog + weeks 1-4,2,502,425,21,302,251,200,174,0.05188683113215171,927,0.5415318230852212,0.546112115732369,374,0.5347593582887701,0.012512752117483058,0.033391247543526265,1.0,0.04153182308522119,ON,True,True,True
fav + weeks 1-4,2,425,502,21,251,302,174,200,-0.10036889823429455,927,0.45846817691477887,0.4538878842676311,374,0.46524064171123,0.012512752117483058,0.033391247543526265,1.0,0.04153182308522113,FADE,True,True,True
off upset win (won as dog) + opp off SU loss + dome/closed,3,106,71,3,55,34,51,37,0.1711231217542742,177,0.5988700564971752,0.6179775280898876,88,0.5795454545454546,0.010397044402203216,0.03341672160209761,1.0,0.09887005649717517,ON,True,True,True
home + opp ATS >= .65 (6+ gp) + made playoffs last yr,3,99,70,7,55,34,44,36,0.12776800563416216,169,0.5857988165680473,0.6179775280898876,80,0.55,0.030947734779096184,0.03341672160209761,1.0,0.08579881656804733,ON,True,True,True
off SU win + ATS >= .65 (6+ gp) + weeks 13+ (reg),3,93,110,6,47,71,46,39,-0.10819047854521086,203,0.458128078817734,0.3983050847457627,85,0.5411764705882353,0.2613960516826494,0.03378817547182585,1.0,0.041871921182266014,FADE,True,False,False
opp off SU win + opp ATS >= .65 (6+ gp) + weeks 13+ (reg),3,110,93,6,71,47,39,46,0.04930270208876066,203,0.541871921182266,0.6016949152542372,85,0.4588235294117647,0.2613960516826494,0.03378817547182585,1.0,0.041871921182266014,ON,True,False,False
dog + opp off SU loss + worse record than opp by .3+,3,115,133,7,57,83,58,50,-0.10603946812229531,248,0.4637096774193548,0.40714285714285714,108,0.5370370370370371,0.28033848638431047,0.03423566187319535,1.0,0.036290322580645185,FADE,True,False,False
opp off SU win + opp ATS >= .65 (6+ gp) + made playoffs last yr,3,149,120,9,83,57,66,63,0.07071074025317184,269,0.5539033457249071,0.5928571428571429,129,0.5116279069767442,0.08759840523491937,0.03423566187319535,1.0,0.05390334572490707,ON,True,True,False
off 2 straight SU losses + win pct <= .35 last yr + weeks 13+ (reg),3,80,99,3,39,61,41,38,-0.13165893888815344,179,0.44692737430167595,0.39,79,0.5189873417721519,0.1783385898396463,0.03520020021770483,1.0,0.05307262569832405,FADE,True,False,False
home + off 1-score loss + opp off blowout win (17+),3,59,69,4,31,51,28,18,-0.10157022406842202,128,0.4609375,0.3780487804878049,46,0.6086956521739131,0.4264394964440242,0.03524144017874746,1.0,0.0390625,FADE,True,False,False
home + rest disadv 3+ days + off ATS win,3,102,129,3,58,84,44,45,-0.13970136014353846,231,0.44155844155844154,0.4084507042253521,89,0.4943820224719101,0.08692140137939715,0.035537462077143124,1.0,0.05844155844155846,FADE,True,True,False
home + opp off SU win + win pct <= .35 last yr,3,196,212,6,100,133,96,79,-0.07000692380306951,408,0.4803921568627451,0.4291845493562232,175,0.5485714285714286,0.45775896115748377,0.03582134518180883,1.0,0.019607843137254888,FADE,True,False,False
off blowout win (17+) + off 2 straight ATS wins + opp off SU win,3,117,139,4,64,91,53,48,-0.10932024533698309,256,0.45703125,0.4129032258064516,101,0.5247524752475248,0.1892478329210552,0.03642275253765168,1.0,0.04296875,FADE,True,False,False
off upset loss (lost as fav) + opp off SU win + weeks 5-12,3,126,152,8,70,98,56,54,-0.12219521559726358,278,0.45323741007194246,0.4166666666666667,110,0.509090909090909,0.13362446761788804,0.036926804277057294,1.0,0.04676258992805754,FADE,True,False,False
off upset loss (lost as fav) + opp off ATS cover by 14+,2,70,84,3,40,62,30,22,-0.11305779834005272,154,0.45454545454545453,0.39215686274509803,52,0.5769230769230769,0.29481351399329214,0.03706676743856058,1.0,0.04545454545454547,FADE,True,False,False
off SU win + ATS >= .65 (6+ gp) + opp made playoffs last yr,3,68,96,5,40,62,28,34,-0.19059086198497746,164,0.4146341463414634,0.39215686274509803,62,0.45161290322580644,0.03468069745563246,0.03706676743856058,1.0,0.0853658536585366,FADE,True,True,True
off upset loss (lost as fav) + off ATS loss + opp off ATS cover by 14+,3,70,84,3,40,62,30,22,-0.11305779834005272,154,0.45454545454545453,0.39215686274509803,52,0.5769230769230769,0.29481351399329214,0.03706676743856058,1.0,0.04545454545454547,FADE,True,False,False
away + win pct <= .35 last yr + division game,3,176,139,9,105,76,71,63,0.08006478333940956,315,0.5587301587301587,0.580110497237569,134,0.5298507462686567,0.04235169571794239,0.037120275450397235,1.0,0.058730158730158744,ON,True,True,True
off upset loss (lost as fav) + weeks 5-12 + 1pm ET window,3,138,163,15,76,105,62,58,-0.10483778571514012,301,0.4584717607973422,0.4198895027624309,120,0.5166666666666667,0.1664545650665084,0.037120275450397235,1.0,0.0415282392026578,FADE,True,False,False
dog + opp ATS >= .65 (6+ gp) + made playoffs last yr,3,94,77,5,57,36,37,41,0.06259593393854607,171,0.5497076023391813,0.6129032258064516,78,0.47435897435897434,0.22101124863970695,0.03751423180190034,1.0,0.049707602339181256,ON,True,False,False
off upset win (won as dog) + non-division + dome/closed,3,133,111,5,74,50,59,61,0.06317691373064092,244,0.5450819672131147,0.5967741935483871,120,0.49166666666666664,0.17870383001532597,0.038448497011000386,1.0,0.04508196721311475,ON,True,False,False
home + off 2 straight ATS wins + weeks 13+ (reg),3,132,155,7,66,93,66,62,-0.10231948432468088,287,0.45993031358885017,0.41509433962264153,128,0.515625,0.19398624512639207,0.03887799522278089,1.0,0.04006968641114983,FADE,True,False,False
home + off 1-score loss + weeks 5-12,3,195,237,17,111,145,84,92,-0.11851013597909314,432,0.4513888888888889,0.43359375,176,0.4772727272727273,0.04841400944470755,0.03895183416231412,1.0,0.048611111111111105,FADE,True,True,False
off 2 straight SU losses + ATS <= .35 (6+ gp) + division game,3,85,91,2,41,63,44,28,-0.06757978394012046,176,0.48295454545454547,0.3942307692307692,72,0.6111111111111112,0.7063708402623409,0.038957933401311866,1.0,0.01704545454545453,FADE,True,False,False
