season,home_cover_pct,fav_cover_pct,over_pct,avg_home_line,avg_home_margin,home_su_pct
2011,0.5039370078740157,0.48828125,0.5037878787878788,2.526415094339623,3.5358490566037735,0.5773584905660377
2012,0.47307692307692306,0.48091603053435117,0.5018867924528302,2.4716981132075473,2.6150943396226416,0.5757575757575758
2013,0.52734375,0.5328185328185329,0.5209125475285171,2.6102661596958177,3.197718631178707,0.6030534351145038
2014,0.48828125,0.4789272030651341,0.4696969696969697,2.58206106870229,2.7290076335877864,0.5823754789272031
2015,0.4624505928853755,0.4591439688715953,0.4732824427480916,2.197718631178707,1.4752851711026616,0.5399239543726235
2016,0.5019455252918288,0.524904214559387,0.5338345864661654,2.33587786259542,3.0572519083969465,0.5862068965517241
2017,0.5177865612648221,0.51953125,0.4681647940074906,2.2298850574712645,2.6398467432950192,0.5747126436781609
2018,0.48031496062992124,0.4573643410852713,0.4696969696969697,2.4486692015209126,2.3193916349809887,0.6015325670498084
2019,0.43824701195219123,0.4669260700389105,0.49624060150375937,1.9521072796934866,0.09195402298850575,0.5230769230769231
2020,0.49433962264150944,0.4423791821561338,0.5075757575757576,1.169811320754717,0.17358490566037735,0.5037878787878788
2021,0.47653429602888087,0.46619217081850534,0.4574468085106383,1.8718861209964412,1.811387900355872,0.5142857142857142
2022,0.4943820224719101,0.45255474452554745,0.44483985765124556,1.8231046931407942,2.2490974729241877,0.5745454545454546
2023,0.4981132075471698,0.5202952029520295,0.4626334519572954,1.8225806451612903,2.953405017921147,0.5663082437275986
2024,0.5072992700729927,0.5266903914590747,0.5390070921985816,1.6420863309352518,2.028776978417266,0.5359712230215827
2025,0.5072463768115942,0.4859154929577465,0.519298245614035,1.516245487364621,2.2021660649819497,0.5362318840579711
