coach,n,cover_pct,dog_n,su_pct,roi,dog_ats_n,dog_cover_pct,pval,qval
Dan Campbell,87,0.6436781609195402,40,0.5681818181818182,0.22518953426898383,39,0.6410256410256411,0.009673218547269866,0.357909086248985
Jim Harbaugh,105,0.6095238095238096,26,0.6635514018691588,0.17774199101180224,24,0.625,0.03130178457554001,0.5790830146474901
Mike Zimmer,133,0.5789473684210527,58,0.556390977443609,0.12446069444251347,58,0.5862068965517241,0.08249129252516192,0.7630444558577477
Marvin Lewis,126,0.5714285714285714,63,0.5419847328244275,0.11798014471903873,60,0.6,0.12957613928638603,0.766565434859123
Chuck Pagano,100,0.57,55,0.5490196078431373,0.11004375357312444,54,0.5370370370370371,0.19334790449564243,0.766565434859123
Zac Taylor,120,0.5583333333333333,64,0.4672131147540984,0.07629953495522805,64,0.546875,0.23520336797252533,0.7911386013621307
Sean Payton,223,0.5560538116591929,77,0.6238938053097345,0.08358187312233191,76,0.6052631578947368,0.10781097222614842,0.766565434859123
Sean McVay,161,0.5527950310559007,54,0.6181818181818182,0.07110059881666857,52,0.5576923076923077,0.20717984725922245,0.766565434859123
Bill Belichick,228,0.5482456140350878,48,0.6666666666666666,0.07988911211952188,47,0.48936170212765956,0.16415489186828672,0.766565434859123
Sean McDermott,158,0.5379746835443038,56,0.6463414634146342,0.03410999517421539,54,0.5370370370370371,0.38157344546443395,0.8497158321989373
Mike Vrabel,121,0.5371900826446281,64,0.584,0.041768494929969965,61,0.5737704918032787,0.46720710207696564,0.8497158321989373
Matt LaFleur,125,0.536,41,0.632,0.03977792724628473,40,0.625,0.47442157344095154,0.8497158321989373
Nick Sirianni,92,0.532608695652174,21,0.6842105263157895,0.019792811860311836,21,0.5238095238095238,0.6024122776961505,0.9188800632993896
Mike McCarthy,218,0.5321100917431193,76,0.5972850678733032,0.03500119919762011,74,0.4189189189189189,0.3786462859772508,0.8497158321989373
Gary Kubiak,81,0.5308641975308642,30,0.5952380952380952,0.04247557374954657,29,0.5862068965517241,0.6569924675863577,0.9188800632993896
Mike Tomlin,251,0.5298804780876494,105,0.59765625,0.030933379607784244,100,0.61,0.3769088032876117,0.8497158321989373
Pete Carroll,236,0.5296610169491526,99,0.5819672131147541,0.03281957058569815,96,0.59375,0.39747392109882873,0.8497158321989373
Doug Pederson,138,0.5217391304347826,70,0.5,0.012698790103356707,69,0.5797101449275363,0.6705341002455005,0.9188800632993896
Bruce Arians,134,0.5149253731343284,52,0.6277372262773723,0.009465392179542292,50,0.54,0.7956287149703891,0.9447614326306714
John Fox,117,0.5128205128205128,58,0.5294117647058824,0.013638733244260973,57,0.5263157894736842,0.8534084458955625,0.9447614326306714
Kyle Shanahan,162,0.5123456790123457,58,0.558282208588957,-0.004358264548226639,58,0.5172413793103449,0.8137534121779036,0.9447614326306714
Ron Rivera,213,0.5117370892018779,117,0.4838709677419355,-0.0010336307058062826,113,0.5486725663716814,0.7841033831878783,0.9447614326306714
John Harbaugh,254,0.5078740157480315,76,0.5992366412213741,-0.01089878260829087,73,0.6027397260273972,0.8507380392501542,0.9447614326306714
Andy Reid,266,0.5037593984962406,59,0.6605166051660517,-0.016686333210277064,58,0.5862068965517241,0.9511245158305732,1.0
Tom Coughlin,82,0.5,42,0.4880952380952381,-0.009206273656286441,41,0.5121951219512195,1.0,1.0
Doug Marrone,99,0.494949494949495,66,0.39603960396039606,-0.036873455932708965,64,0.53125,1.0,1.0
Jason Garrett,145,0.4896551724137931,58,0.5503355704697986,-0.0417758904646764,57,0.5789473684210527,0.8681591543092656,0.9447614326306714
Jay Gruden,86,0.47674418604651164,60,0.4117647058823529,-0.07197980435903199,60,0.5166666666666667,0.7465343822890578,0.9447614326306714
Frank Reich,83,0.46987951807228917,44,0.4827586206896552,-0.07728669363595056,40,0.45,0.6608836477612152,0.9188800632993896
Dan Quinn,127,0.4645669291338583,58,0.5118110236220472,-0.09722871932293939,58,0.5172413793103449,0.4779219422067188,0.8497158321989373
Todd Bowles,134,0.4626865671641791,74,0.4460431654676259,-0.10230929425784534,71,0.49295774647887325,0.43699054908597235,0.8497158321989373
Lovie Smith,80,0.4625,54,0.3625,-0.10391542516629715,53,0.4716981132075472,0.5764306261883931,0.9188800632993896
Bill O'Brien,102,0.46078431372549017,58,0.5094339622641509,-0.08925697655922399,57,0.40350877192982454,0.48843446453263245,0.8497158321989373
Jim Caldwell,81,0.4567901234567901,50,0.4634146341463415,-0.10372868900523859,50,0.42,0.5052364407669357,0.8497158321989373
Rex Ryan,92,0.45652173913043476,55,0.43157894736842106,-0.10299890002018665,52,0.46153846153846156,0.4657074457730625,0.8497158321989373
Kevin Stefanski,102,0.43137254901960786,59,0.4423076923076923,-0.16260096253007197,58,0.46551724137931033,0.19778986306808305,0.766565434859123
Dennis Allen,85,0.4,58,0.3333333333333333,-0.21712176360651658,57,0.43859649122807015,0.08205429958748713,0.7630444558577477
