ticker,game_id,team,player,market,line,strike,gap,yes_bid,yes_ask,result,age_min
KXNFLREC-25NOV09DETWAS-DETJWILLIAMS1-4,2025_10_DET_WAS,DET,jameson williams,player_receptions,3.5,4.0,0.0,0.0,0.43,yes,9
KXNFLRECYDS-26FEB08SEANE-NEHHENRY85-40,2025_22_SEA_NE,NE,hunter henry,player_reception_yds,39.5,40.0,0.0,0.5,0.51,no,0
KXNFLRECYDS-25DEC21ATLARI-ATLBROBINSON7-38,2025_16_ATL_ARI,ATL,bijan robinson,player_reception_yds,37.5,38.0,0.0,0.03,0.52,yes,1
KXNFLREC-26SEP20WASDAL-DALRFLOURNOY19-3,2026_02_WAS_DAL,DAL,ryan flournoy,player_receptions,2.5,3.0,0.0,0.53,0.54,yes,7
KXNFLREC-25DEC14MINDAL-DALJWILLIAMS33-3,2025_15_MIN_DAL,DAL,javonte williams,player_receptions,2.5,3.0,0.0,0.37,0.43,no,3
KXNFLREC-25DEC14MINDAL-DALCLAMB88-7,2025_15_MIN_DAL,DAL,ceedee lamb,player_receptions,6.5,7.0,0.0,0.43,0.48,no,1
KXNFLRECYDS-25NOV16CHIMIN-CHIDMOORE2-40,2025_11_CHI_MIN,CHI,dj moore,player_reception_yds,39.5,40.0,0.0,0.46,0.52,no,8
KXNFLRECYDS-25NOV16CHIMIN-CHICKMET85-10,2025_11_CHI_MIN,CHI,cole kmet,player_reception_yds,9.5,10.0,0.0,0.02,0.97,yes,4
KXNFLRECYDS-25DEC14MINDAL-DALRFLOURNOY19-20,2025_15_MIN_DAL,DAL,ryan flournoy,player_reception_yds,19.5,20.0,0.0,0.47,0.52,yes,1
KXNFLREC-25DEC21ATLARI-ATLBROBINSON7-5,2025_16_ATL_ARI,ATL,bijan robinson,player_receptions,4.5,5.0,0.0,0.02,0.43,yes,1
KXNFLREC-25DEC21ATLARI-ATLDMOONEY1-2,2025_16_ATL_ARI,ATL,darnell mooney,player_receptions,1.5,2.0,0.0,0.0,0.71,yes,0
KXNFLRECYDS-25NOV23NYGDET-DETBWRIGHT89-21,2025_12_NYG_DET,DET,brock wright,player_reception_yds,20.5,21.0,0.0,0.45,0.53,yes,0
KXNFLREC-25DEC21BUFCLE-CLEQJUDKINS10-3,2025_16_BUF_CLE,CLE,quinshon judkins,player_receptions,2.5,3.0,0.0,0.43,0.48,yes,0
KXNFLREC-25NOV09DETWAS-DETSLAPORTA87-5,2025_10_DET_WAS,DET,sam laporta,player_receptions,4.5,5.0,0.0,0.0,0.45,yes,9
KXNFLREC-25DEC21BUFCLE-CLEJJEUDY3-3,2025_16_BUF_CLE,CLE,jerry jeudy,player_receptions,2.5,3.0,0.0,0.46,0.5,yes,0
KXNFLREC-25DEC21BUFCLE-CLEIBOND16-2,2025_16_BUF_CLE,CLE,isaiah bond,player_receptions,1.5,2.0,0.0,0.35,0.39,no,0
KXNFLREC-25DEC21BUFCLE-CLEHFANNIN44-6,2025_16_BUF_CLE,CLE,harold fannin,player_receptions,5.5,6.0,0.0,0.43,0.48,no,0
KXNFLREC-25NOV09JACHOU-HOUNCOLLINS12-6,2025_10_JAX_HOU,HOU,nico collins,player_receptions,5.5,6.0,0.0,0.0,0.47,yes,4
KXNFLREC-25DEC21BUFCLE-CLECTILLMAN19-2,2025_16_BUF_CLE,CLE,cedric tillman,player_receptions,1.5,2.0,0.0,0.4,0.45,no,0
KXNFLRECYDS-25DEC21BUFCLE-CLEJJEUDY3-30,2025_16_BUF_CLE,CLE,jerry jeudy,player_reception_yds,29.5,30.0,0.0,0.49,0.52,no,0
KXNFLREC-26JAN25LASEA-LATFERGUSON18-2,2025_21_LA_SEA,LA,terrance ferguson,player_receptions,1.5,2.0,0.0,0.0,0.46,no,1
KXNFLRECYDS-25DEC21BUFCLE-CLEHFANNIN44-54,2025_16_BUF_CLE,CLE,harold fannin,player_reception_yds,53.5,54.0,0.0,0.48,0.52,no,0
KXNFLREC-26JAN25LASEA-LATHIGBEE89-2,2025_21_LA_SEA,LA,tyler higbee,player_receptions,1.5,2.0,0.0,0.48,0.51,no,6
KXNFLREC-25DEC21ATLARI-ATLKPITTS8-5,2025_16_ATL_ARI,ATL,kyle pitts,player_receptions,4.5,5.0,0.0,0.02,0.58,yes,0
KXNFLREC-26SEP20CARATL-ATLKPITTS8-4,2026_02_CAR_ATL,ATL,kyle pitts,player_receptions,3.5,4.0,0.0,0.44,0.45,no,2
KXNFLREC-25NOV09DETWAS-DETDMONTGOMERY5-2,2025_10_DET_WAS,DET,david montgomery,player_receptions,1.5,2.0,0.0,0.05,0.55,no,9
KXNFLRECYDS-25DEC14MINDAL-DALJWILLIAMS33-10,2025_15_MIN_DAL,DAL,javonte williams,player_reception_yds,9.5,10.0,0.0,0.47,0.53,no,8
KXNFLRECYDS-25NOV16CHIMIN-MINJNAILOR1-25,2025_11_CHI_MIN,MIN,jalen nailor,player_reception_yds,24.5,25.0,0.0,0.46,0.53,no,8
KXNFLREC-26FEB08SEANE-NEDDOUGLAS3-2,2025_22_SEA_NE,NE,demario douglas,player_receptions,1.5,2.0,0.0,0.34,0.36,yes,2
KXNFLRECYDS-25DEC14INDSEA-SEACKUPP10-32,2025_15_IND_SEA,SEA,cooper kupp,player_reception_yds,31.5,32.0,0.0,0.48,0.52,yes,0
KXNFLREC-25NOV16CHIMIN-CHIDMOORE2-4,2025_11_CHI_MIN,CHI,dj moore,player_receptions,3.5,4.0,0.0,0.43,0.51,no,8
KXNFLREC-26FEB08SEANE-NEHHENRY85-4,2025_22_SEA_NE,NE,hunter henry,player_receptions,3.5,4.0,0.0,0.53,0.54,no,0
KXNFLRECYDS-25DEC14INDSEA-SEAABARNER88-31,2025_15_IND_SEA,SEA,aj barner,player_reception_yds,30.5,31.0,0.0,0.46,0.53,no,5
KXNFLREC-25NOV16CHIMIN-MINJNAILOR1-2,2025_11_CHI_MIN,MIN,jalen nailor,player_receptions,1.5,2.0,0.0,0.55,0.62,no,8
KXNFLREC-25NOV16CHIMIN-CHIDSWIFT4-3,2025_11_CHI_MIN,CHI,dandre swift,player_receptions,2.5,3.0,0.0,0.44,0.51,no,8
KXNFLREC-25NOV16CHIMIN-MINJJEFFERSON18-6,2025_11_CHI_MIN,MIN,justin jefferson,player_receptions,5.5,6.0,0.0,0.49,0.54,no,3
KXNFLREC-25NOV16CHIMIN-CHILBURDEN10-2,2025_11_CHI_MIN,CHI,luther burden,player_receptions,1.5,2.0,0.0,0.5,0.57,yes,3
KXNFLREC-25DEC14BALCIN-BALDHOPKINS10-2,2025_15_BAL_CIN,BAL,deandre hopkins,player_receptions,1.5,2.0,0.0,0.48,0.53,no,4
KXNFLREC-25NOV16CHIMIN-MINJADDISON3-4,2025_11_CHI_MIN,MIN,jordan addison,player_receptions,3.5,4.0,0.0,0.4,0.47,no,2
KXNFLREC-26SEP20CARATL-ATLDLONDON5-5,2026_02_CAR_ATL,ATL,drake london,player_receptions,4.5,5.0,0.0,0.5,0.51,no,2
KXNFLREC-25DEC14INDSEA-SEACKUPP10-3,2025_15_IND_SEA,SEA,cooper kupp,player_receptions,2.5,3.0,0.0,0.53,0.59,yes,2
KXNFLRECYDS-25DEC14MINDAL-DALGPICKENS3-73,2025_15_MIN_DAL,DAL,george pickens,player_reception_yds,72.5,73.0,0.0,0.47,0.53,no,1
KXNFLREC-25DEC14LVPHI-PHIDSMITH6-5,2025_15_LV_PHI,PHI,devonta smith,player_receptions,4.5,5.0,0.0,0.48,0.54,no,3
KXNFLREC-25DEC14LVPHI-PHIDGOEDERT88-4,2025_15_LV_PHI,PHI,dallas goedert,player_receptions,3.5,4.0,0.0,0.48,0.54,yes,7
KXNFLREC-25NOV16CHIMIN-CHICLOVELAND84-3,2025_11_CHI_MIN,CHI,colston loveland,player_receptions,2.5,3.0,0.0,0.51,0.55,yes,0
KXNFLREC-26FEB08SEANE-NEAHOOPER81-1,2025_22_SEA_NE,NE,austin hooper,player_receptions,0.5,1.0,0.0,0.57,0.65,yes,8
KXNFLRECYDS-25NOV16CHIMIN-MINTHOCKENSON87-26,2025_11_CHI_MIN,MIN,tj hockenson,player_reception_yds,25.5,26.0,0.0,0.45,0.52,yes,4
KXNFLREC-25NOV16CHIMIN-MINAJONES33-3,2025_11_CHI_MIN,MIN,aaron jones,player_receptions,2.5,3.0,0.0,0.5,0.57,yes,8
KXNFLREC-25NOV16CHIMIN-CHICKMET85-2,2025_11_CHI_MIN,CHI,cole kmet,player_receptions,1.5,2.0,0.0,0.0,0.94,yes,8
KXNFLREC-26SEP13MIALV-MIAMWASHINGTON6-3,2026_01_MIA_LV,MIA,malik washington,player_receptions,2.5,3.0,0.0,0.57,0.58,yes,0
KXNFLRECYDS-25DEC21CINMIA-CINCBROWN30-22,2025_16_CIN_MIA,CIN,chase brown,player_reception_yds,21.5,22.0,0.0,0.5,0.51,yes,0
KXNFLREC-25NOV09DETWAS-DETASTBROWN14-8,2025_10_DET_WAS,DET,amonra st brown,player_receptions,7.5,8.0,0.0,0.0,0.51,no,9
KXNFLREC-26JAN17SFSEA-SEARSHAHEED22-2,2025_20_SF_SEA,SEA,rashid shaheed,player_receptions,1.5,2.0,0.0,0.58,0.64,no,0
KXNFLRECYDS-25DEC21MINNYG-MINJADDISON3-40,2025_16_MIN_NYG,MIN,jordan addison,player_reception_yds,39.5,40.0,0.0,0.49,0.52,no,0
KXNFLREC-26JAN17SFSEA-SEAZCHARBONNET26-2,2025_20_SF_SEA,SEA,zach charbonnet,player_receptions,1.5,2.0,0.0,0.49,0.55,no,0
KXNFLREC-25DEC21LVHOU-LVTTUCKER1-3,2025_16_LV_HOU,LV,tre tucker,player_receptions,2.5,3.0,0.0,0.5,0.56,yes,0
KXNFLREC-25DEC21LVHOU-LVBBOWERS89-6,2025_16_LV_HOU,LV,brock bowers,player_receptions,5.5,6.0,0.0,0.44,0.47,no,10
KXNFLREC-26JAN17SFSEA-SEAKWALKER9-2,2025_20_SF_SEA,SEA,kenneth walker,player_receptions,1.5,2.0,0.0,0.58,0.62,yes,0
KXNFLREC-25DEC21NYJNO-NYJBHALL20-3,2025_16_NYJ_NO,NYJ,breece hall,player_receptions,2.5,3.0,0.0,0.25,0.43,no,0
KXNFLREC-25DEC21NYJNO-NYJAMITCHELL15-4,2025_16_NYJ_NO,NYJ,adonai mitchell,player_receptions,3.5,4.0,0.0,0.45,0.5,no,0
KXNFLREC-26JAN17SFSEA-SEAJSMITHNJIGBA11-7,2025_20_SF_SEA,SEA,jaxon smithnjigba,player_receptions,6.5,7.0,0.0,0.51,0.53,no,0
KXNFLREC-26SEP20CLETB-CLEQJUDKINS10-3,2026_02_CLE_TB,CLE,quinshon judkins,player_receptions,2.5,3.0,0.0,0.38,0.39,yes,3
KXNFLREC-25DEC21MINNYG-MINJJEFFERSON18-5,2025_16_MIN_NYG,MIN,justin jefferson,player_receptions,4.5,5.0,0.0,0.54,0.58,yes,0
KXNFLREC-25DEC21MINNYG-MINJNAILOR1-2,2025_16_MIN_NYG,MIN,jalen nailor,player_receptions,1.5,2.0,0.0,0.54,0.59,no,0
KXNFLREC-25DEC21MINNYG-MINAJONES33-3,2025_16_MIN_NYG,MIN,aaron jones,player_receptions,2.5,3.0,0.0,0.42,0.47,no,0
KXNFLREC-25DEC21MINNYG-MINJADDISON3-3,2025_16_MIN_NYG,MIN,jordan addison,player_receptions,2.5,3.0,0.0,0.53,0.56,no,0
KXNFLRECYDS-26JAN25LASEA-LADADAMS17-50,2025_21_LA_SEA,LA,davante adams,player_reception_yds,49.5,50.0,0.0,0.49,0.51,yes,1
KXNFLRECYDS-25DEC21LVHOU-LVBBOWERS89-53,2025_16_LV_HOU,LV,brock bowers,player_reception_yds,52.5,53.0,0.0,0.49,0.52,no,3
KXNFLREC-26SEP20CLETB-CLEHFANNIN44-4,2026_02_CLE_TB,CLE,harold fannin,player_receptions,3.5,4.0,0.0,0.55,0.56,yes,2
KXNFLREC-25NOV09BUFMIA-BUFDKINCAID86-4,2025_10_BUF_MIA,BUF,dalton kincaid,player_receptions,3.5,4.0,0.0,0.0,0.94,no,10
KXNFLREC-25NOV09BUFMIA-BUFDKNOX88-2,2025_10_BUF_MIA,BUF,dawson knox,player_receptions,1.5,2.0,0.0,0.0,0.98,yes,10
KXNFLREC-25NOV09BUFMIA-BUFJCOOK4-2,2025_10_BUF_MIA,BUF,james cook,player_receptions,1.5,2.0,0.0,0.0,0.98,yes,10
KXNFLREC-25NOV09BUFMIA-BUFKCOLEMAN0-4,2025_10_BUF_MIA,BUF,keon coleman,player_receptions,3.5,4.0,0.0,0.0,0.79,no,10
KXNFLREC-25DEC21CINMIA-CINJCHASE1-8,2025_16_CIN_MIA,CIN,jamarr chase,player_receptions,7.5,8.0,0.0,0.45,0.48,yes,0
KXNFLREC-25DEC21CINMIA-CINCBROWN30-4,2025_16_CIN_MIA,CIN,chase brown,player_receptions,3.5,4.0,0.0,0.49,0.51,yes,0
KXNFLRECYDS-25NOV09DETWAS-DETDMONTGOMERY5-10,2025_10_DET_WAS,DET,david montgomery,player_reception_yds,9.5,10.0,0.0,0.52,0.53,no,6
KXNFLREC-26SEP20CARATL-ATLOZACCHEAUS14-2,2026_02_CAR_ATL,ATL,olamide zaccheaus,player_receptions,1.5,2.0,0.0,0.37,0.38,no,2
KXNFLREC-26JAN25LASEA-LAKWILLIAMS23-3,2025_21_LA_SEA,LA,kyren williams,player_receptions,2.5,3.0,0.0,0.4,0.42,no,0
KXNFLREC-25DEC20GBCHI-CHIDMOORE2-4,2025_16_GB_CHI,CHI,dj moore,player_receptions,3.5,4.0,0.0,0.56,0.59,yes,1
KXNFLREC-26JAN25LASEA-LADADAMS17-5,2025_21_LA_SEA,LA,davante adams,player_receptions,4.5,5.0,0.0,0.4,0.42,no,7
KXNFLRECYDS-25DEC21LACDAL-LACKALLEN13-40,2025_16_LAC_DAL,LAC,keenan allen,player_reception_yds,39.5,40.0,0.0,0.48,0.52,yes,0
KXNFLREC-25DEC18LASEA-LATFERGUSON18-2,2025_16_LA_SEA,LA,terrance ferguson,player_receptions,1.5,2.0,0.0,0.42,0.58,yes,0
KXNFLREC-25NOV09BALMIN-BALILIKELY80-3,2025_10_BAL_MIN,BAL,isaiah likely,player_receptions,2.5,3.0,0.0,0.0,0.5,no,6
KXNFLREC-25DEC18LASEA-LAPNACUA12-8,2025_16_LA_SEA,LA,puka nacua,player_receptions,7.5,8.0,0.0,0.53,0.54,yes,0
KXNFLREC-25NOV09BALMIN-BALJHILL43-3,2025_10_BAL_MIN,BAL,justice hill,player_receptions,2.5,3.0,0.0,0.0,0.44,no,6
KXNFLREC-25DEC18LASEA-LAKWILLIAMS23-2,2025_16_LA_SEA,LA,kyren williams,player_receptions,1.5,2.0,0.0,0.57,0.58,yes,0
KXNFLREC-25NOV09BALMIN-BALMANDREWS89-4,2025_10_BAL_MIN,BAL,mark andrews,player_receptions,3.5,4.0,0.0,0.0,0.45,no,6
KXNFLREC-25DEC18LASEA-LADALLEN87-2,2025_16_LA_SEA,LA,davis allen,player_receptions,1.5,2.0,0.0,0.42,0.6,yes,0
KXNFLREC-25NOV09BALMIN-BALRBATEMAN7-3,2025_10_BAL_MIN,BAL,rashod bateman,player_receptions,2.5,3.0,0.0,0.0,0.52,no,6
KXNFLREC-25DEC21LACDAL-LACOGADSDEN86-4,2025_16_LAC_DAL,LAC,oronde gadsden,player_receptions,3.5,4.0,0.0,0.41,0.44,no,1
KXNFLREC-25NOV09BALMIN-BALZFLOWERS4-6,2025_10_BAL_MIN,BAL,zay flowers,player_receptions,5.5,6.0,0.0,0.0,0.54,no,6
KXNFLREC-25DEC21LACDAL-LACOHAMPTON8-2,2025_16_LAC_DAL,LAC,omarion hampton,player_receptions,1.5,2.0,0.0,0.41,0.73,no,0
KXNFLREC-25DEC21LACDAL-LACLMCCONKEY15-4,2025_16_LAC_DAL,LAC,ladd mcconkey,player_receptions,3.5,4.0,0.0,0.58,0.6,yes,0
KXNFLREC-25DEC21LACDAL-LACKALLEN13-4,2025_16_LAC_DAL,LAC,keenan allen,player_receptions,3.5,4.0,0.0,0.51,0.55,yes,0
KXNFLRECYDS-25NOV09BUFMIA-BUFJCOOK4-10,2025_10_BUF_MIA,BUF,james cook,player_reception_yds,9.5,10.0,0.0,0.02,0.6,yes,7
KXNFLREC-26FEB08SEANE-NEKBOUTTE9-3,2025_22_SEA_NE,NE,kayshon boutte,player_receptions,2.5,3.0,0.0,0.41,0.42,no,4
KXNFLREC-25NOV16CHIMIN-CHIOZACCHEAUS14-3,2025_11_CHI_MIN,CHI,olamide zaccheaus,player_receptions,2.5,3.0,0.0,0.47,0.54,no,2
KXNFLREC-25NOV16CHIMIN-CHIRODUNZE15-5,2025_11_CHI_MIN,CHI,rome odunze,player_receptions,4.5,5.0,0.0,0.39,0.46,no,8
KXNFLREC-25NOV27GBDET-DETASTBROWN14-8,2025_13_GB_DET,DET,amonra st brown,player_receptions,7.5,8.0,0.0,0.46,0.47,no,3
KXNFLREC-26SEP14DENKC-KCXWORTHY1-4,2026_01_DEN_KC,KC,xavier worthy,player_receptions,3.5,4.0,0.0,0.39,0.41,no,4
KXNFLRECYDS-25NOV27GBDET-DETASTBROWN14-80,2025_13_GB_DET,DET,amonra st brown,player_reception_yds,79.5,80.0,0.0,0.49,0.52,no,6
KXNFLREC-25NOV27GBDET-DETDMONTGOMERY5-2,2025_13_GB_DET,DET,david montgomery,player_receptions,1.5,2.0,0.0,0.51,0.56,yes,2
KXNFLREC-25NOV30BUFPIT-PITPFREIERMUTH88-3,2025_13_BUF_PIT,PIT,pat freiermuth,player_receptions,2.5,3.0,0.0,0.01,0.43,no,0
KXNFLREC-25NOV30BUFPIT-PITKGAINWELL14-4,2025_13_BUF_PIT,PIT,kenneth gainwell,player_receptions,3.5,4.0,0.0,0.38,0.44,no,0
KXNFLREC-25NOV30BUFPIT-PITJSMITH81-3,2025_13_BUF_PIT,PIT,jonnu smith,player_receptions,2.5,3.0,0.0,0.37,0.42,no,1
KXNFLREC-25NOV30BUFPIT-PITJWARREN30-2,2025_13_BUF_PIT,PIT,jaylen warren,player_receptions,1.5,2.0,0.0,0.48,0.56,yes,1
KXNFLREC-25NOV30BUFPIT-PITDMETCALF4-4,2025_13_BUF_PIT,PIT,dk metcalf,player_receptions,3.5,4.0,0.0,0.53,0.57,no,0
KXNFLREC-25NOV16KCDEN-KCRRICE4-7,2025_11_KC_DEN,KC,rashee rice,player_receptions,6.5,7.0,0.0,0.52,0.59,no,3
KXNFLREC-25NOV27GBDET-DETJWILLIAMS1-4,2025_13_GB_DET,DET,jameson williams,player_receptions,3.5,4.0,0.0,0.48,0.52,yes,3
KXNFLREC-26SEP14DENKC-KCRRICE4-6,2026_01_DEN_KC,KC,rashee rice,player_receptions,5.5,6.0,0.0,0.42,0.43,no,0
KXNFLREC-25NOV30NOMIA-NOJJOHNSON83-5,2025_13_NO_MIA,NO,juwan johnson,player_receptions,4.5,5.0,0.0,0.01,0.49,yes,10
KXNFLREC-25NOV30NOMIA-NODNEAL24-4,2025_13_NO_MIA,NO,devin neal,player_receptions,3.5,4.0,0.0,0.39,0.46,no,3
KXNFLREC-25NOV30NOMIA-NODVELE14-3,2025_13_NO_MIA,NO,devaughn vele,player_receptions,2.5,3.0,0.0,0.01,0.65,yes,4
KXNFLRECYDS-25NOV30NOMIA-NODNEAL24-20,2025_13_NO_MIA,NO,devin neal,player_reception_yds,19.5,20.0,0.0,0.47,0.53,yes,1
KXNFLREC-25NOV27GBDET-DETJGIBBS0-6,2025_13_GB_DET,DET,jahmyr gibbs,player_receptions,5.5,6.0,0.0,0.41,0.47,no,1
KXNFLRECYDS-25NOV30NOMIA-NODVELE14-30,2025_13_NO_MIA,NO,devaughn vele,player_reception_yds,29.5,30.0,0.0,0.02,0.59,yes,7
KXNFLREC-25NOV30LACAR-LAKWILLIAMS23-2,2025_13_LA_CAR,LA,kyren williams,player_receptions,1.5,2.0,0.0,0.54,0.6,no,10
KXNFLREC-25NOV30LACAR-LADALLEN87-2,2025_13_LA_CAR,LA,davis allen,player_receptions,1.5,2.0,0.0,0.44,0.5,no,0
KXNFLREC-26SEP13GBMIN-GBTKRAFT85-4,2026_01_GB_MIN,GB,tucker kraft,player_receptions,3.5,4.0,0.0,0.58,0.59,no,0
KXNFLREC-25NOV30LACAR-LADADAMS17-5,2025_13_LA_CAR,LA,davante adams,player_receptions,4.5,5.0,0.0,0.46,0.52,no,6
KXNFLREC-26SEP14DENKC-KCTTHORNTON2-2,2026_01_DEN_KC,KC,tyquan thornton,player_receptions,1.5,2.0,0.0,0.41,0.42,no,2
KXNFLREC-25NOV30LACAR-LAPNACUA12-8,2025_13_LA_CAR,LA,puka nacua,player_receptions,7.5,8.0,0.0,0.45,0.52,no,6
KXNFLREC-25NOV30BUFPIT-PITDWASHINGTON80-2,2025_13_BUF_PIT,PIT,darnell washington,player_receptions,1.5,2.0,0.0,0.53,0.58,yes,0
KXNFLREC-25NOV16KCDEN-DENRHARVEY12-3,2025_11_KC_DEN,DEN,rj harvey,player_receptions,2.5,3.0,0.0,0.54,0.56,yes,7
KXNFLREC-25NOV30BUFPIT-PITCAUSTIN19-3,2025_13_BUF_PIT,PIT,calvin austin,player_receptions,2.5,3.0,0.0,0.49,0.55,no,1
KXNFLRECYDS-25NOV23PITCHI-CHIDSWIFT4-12,2025_12_PIT_CHI,CHI,dandre swift,player_reception_yds,11.5,12.0,0.0,0.51,0.52,yes,0
KXNFLREC-26SEP13GBMIN-GBCWATSON9-4,2026_01_GB_MIN,GB,christian watson,player_receptions,3.5,4.0,0.0,0.57,0.58,yes,3
KXNFLREC-26SEP13GBMIN-GBMLLOYD32-2,2026_01_GB_MIN,GB,marshawn lloyd,player_receptions,1.5,2.0,0.0,0.57,0.59,no,0
KXNFLREC-25NOV23NYGDET-DETJGIBBS0-4,2025_12_NYG_DET,DET,jahmyr gibbs,player_receptions,3.5,4.0,0.0,0.45,0.46,yes,9
KXNFLRECYDS-25NOV23PITCHI-CHIDMOORE2-34,2025_12_PIT_CHI,CHI,dj moore,player_reception_yds,33.5,34.0,0.0,0.49,0.51,yes,0
KXNFLREC-25NOV24CARSF-SFGKITTLE85-5,2025_12_CAR_SF,SF,george kittle,player_receptions,4.5,5.0,0.0,0.52,0.57,yes,3
KXNFLREC-26SEP13GBMIN-GBJREED11-4,2026_01_GB_MIN,GB,jayden reed,player_receptions,3.5,4.0,0.0,0.55,0.56,no,1
KXNFLRECYDS-25NOV23NYGDET-DETJGIBBS0-30,2025_12_NYG_DET,DET,jahmyr gibbs,player_reception_yds,29.5,30.0,0.0,0.46,0.51,yes,0
KXNFLREC-25NOV24CARSF-SFJJENNINGS15-4,2025_12_CAR_SF,SF,jauan jennings,player_receptions,3.5,4.0,0.0,0.58,0.61,yes,3
KXNFLRECYDS-25NOV23NYGDET-DETDMONTGOMERY5-9,2025_12_NYG_DET,DET,david montgomery,player_reception_yds,8.5,9.0,0.0,0.03,0.52,yes,0
KXNFLREC-25NOV24CARSF-SFCMCCAFFREY23-6,2025_12_CAR_SF,SF,christian mccaffrey,player_receptions,5.5,6.0,0.0,0.45,0.5,yes,3
KXNFLRECYDS-25NOV30BUFPIT-PITPFREIERMUTH88-20,2025_13_BUF_PIT,PIT,pat freiermuth,player_reception_yds,19.5,20.0,0.0,0.03,0.53,no,0
KXNFLRECYDS-25NOV30BUFPIT-PITJSMITH81-17,2025_13_BUF_PIT,PIT,jonnu smith,player_reception_yds,16.5,17.0,0.0,0.47,0.53,no,1
KXNFLRECYDS-25NOV30BUFPIT-PITJWARREN30-10,2025_13_BUF_PIT,PIT,jaylen warren,player_reception_yds,9.5,10.0,0.0,0.42,0.48,no,1
KXNFLRECYDS-25NOV30BUFPIT-PITDMETCALF4-47,2025_13_BUF_PIT,PIT,dk metcalf,player_reception_yds,46.5,47.0,0.0,0.48,0.54,no,1
KXNFLRECYDS-25NOV30BUFPIT-PITCAUSTIN19-28,2025_13_BUF_PIT,PIT,calvin austin,player_reception_yds,27.5,28.0,0.0,0.46,0.48,no,1
KXNFLREC-25NOV23PITCHI-CHILBURDEN10-4,2025_12_PIT_CHI,CHI,luther burden,player_receptions,3.5,4.0,0.0,0.38,0.45,no,9
KXNFLREC-26SEP13GBMIN-GBMGOLDEN0-4,2026_01_GB_MIN,GB,matthew golden,player_receptions,3.5,4.0,0.0,0.45,0.48,yes,0
KXNFLRECYDS-25NOV16KCDEN-KCKHUNT29-8,2025_11_KC_DEN,KC,kareem hunt,player_reception_yds,7.5,8.0,0.0,0.02,0.58,no,2
KXNFLREC-25NOV02ATLNE-NETHENDERSON32-3,2025_09_ATL_NE,NE,treveyon henderson,player_receptions,2.5,3.0,0.0,0.0,0.54,yes,2
KXNFLRECYDS-25DEC01NYGNE-NEHHENRY85-39,2025_13_NYG_NE,NE,hunter henry,player_reception_yds,38.5,39.0,0.0,0.47,0.53,yes,0
KXNFLREC-26SEP13MIALV-MIAGDULCICH85-3,2026_01_MIA_LV,MIA,greg dulcich,player_receptions,2.5,3.0,0.0,0.48,0.51,no,0
KXNFLREC-25DEC11ATLTB-ATLBROBINSON7-5,2025_15_ATL_TB,ATL,bijan robinson,player_receptions,4.5,5.0,0.0,0.48,0.5,yes,7
KXNFLRECYDS-25DEC11ATLTB-TBRWHITE1-9,2025_15_ATL_TB,TB,rachaad white,player_reception_yds,8.5,9.0,0.0,0.35,0.52,no,0
KXNFLREC-26FEB08SEANE-NESDIGGS8-5,2025_22_SEA_NE,NE,stefon diggs,player_receptions,4.5,5.0,0.0,0.5,0.51,no,5
KXNFLRECYDS-25DEC11ATLTB-ATLBROBINSON7-40,2025_15_ATL_TB,ATL,bijan robinson,player_reception_yds,39.5,40.0,0.0,0.47,0.5,yes,0
KXNFLREC-25DEC07SEAATL-ATLKPITTS8-6,2025_14_SEA_ATL,ATL,kyle pitts,player_receptions,5.5,6.0,0.0,0.46,0.51,yes,1
KXNFLREC-25DEC11ATLTB-TBBIRVING7-3,2025_15_ATL_TB,TB,bucky irving,player_receptions,2.5,3.0,0.0,0.57,0.62,no,0
KXNFLREC-25DEC07SEAATL-ATLDSILLS87-3,2025_14_SEA_ATL,ATL,david sills,player_receptions,2.5,3.0,0.0,0.43,0.5,no,2
KXNFLREC-25NOV16GBNYG-NYGTJOHNSON84-5,2025_11_GB_NYG,NYG,theo johnson,player_receptions,4.5,5.0,0.0,0.44,0.49,no,4
KXNFLRECYDS-25DEC07SEAATL-ATLTALLGEIER25-7,2025_14_SEA_ATL,ATL,tyler allgeier,player_reception_yds,6.5,7.0,0.0,0.02,0.58,yes,0
KXNFLREC-25NOV16GBNYG-NYGTTRACY29-3,2025_11_GB_NYG,NYG,tyrone tracy,player_receptions,2.5,3.0,0.0,0.52,0.59,yes,4
KXNFLRECYDS-25DEC07SEAATL-ATLDMOONEY1-43,2025_14_SEA_ATL,ATL,darnell mooney,player_reception_yds,42.5,43.0,0.0,0.46,0.53,no,2
KXNFLREC-25NOV16GBNYG-NYGDBELLINGER82-2,2025_11_GB_NYG,NYG,daniel bellinger,player_receptions,1.5,2.0,0.0,0.0,0.6,no,4
KXNFLREC-26FEB08SEANE-NETHENDERSON32-1,2025_22_SEA_NE,NE,treveyon henderson,player_receptions,0.5,1.0,0.0,0.65,0.68,yes,4
KXNFLREC-25NOV16DETPHI-DETJWILLIAMS1-4,2025_11_DET_PHI,DET,jameson williams,player_receptions,3.5,4.0,0.0,0.53,0.59,yes,2
KXNFLREC-25NOV16DETPHI-DETJGIBBS0-4,2025_11_DET_PHI,DET,jahmyr gibbs,player_receptions,3.5,4.0,0.0,0.41,0.48,yes,2
KXNFLREC-26FEB08SEANE-NEMHOLLINS13-3,2025_22_SEA_NE,NE,mack hollins,player_receptions,2.5,3.0,0.0,0.41,0.42,yes,0
KXNFLRECYDS-25DEC14BALCIN-BALILIKELY80-39,2025_15_BAL_CIN,BAL,isaiah likely,player_reception_yds,38.5,39.0,0.0,0.48,0.53,no,9
KXNFLREC-25NOV16CHIMIN-MINTHOCKENSON87-3,2025_11_CHI_MIN,MIN,tj hockenson,player_receptions,2.5,3.0,0.0,0.55,0.62,yes,8
KXNFLRECYDS-25DEC14BALCIN-BALDHENRY22-10,2025_15_BAL_CIN,BAL,derrick henry,player_reception_yds,9.5,10.0,0.0,0.45,0.52,no,4
KXNFLREC-26FEB08SEANE-NERSTEVENSON38-4,2025_22_SEA_NE,NE,rhamondre stevenson,player_receptions,3.5,4.0,0.0,0.38,0.39,yes,8
KXNFLREC-25DEC11ATLTB-ATLTALLGEIER25-2,2025_15_ATL_TB,ATL,tyler allgeier,player_receptions,1.5,2.0,0.0,0.02,0.41,no,3
KXNFLREC-25DEC11ATLTB-TBCGODWIN14-4,2025_15_ATL_TB,TB,chris godwin,player_receptions,3.5,4.0,0.0,0.48,0.56,yes,0
KXNFLREC-25NOV16DETPHI-DETASTBROWN14-8,2025_11_DET_PHI,DET,amonra st brown,player_receptions,7.5,8.0,0.0,0.42,0.49,no,2
KXNFLREC-25DEC11ATLTB-TBEEGBUKA2-5,2025_15_ATL_TB,TB,emeka egbuka,player_receptions,4.5,5.0,0.0,0.35,0.43,no,0
KXNFLREC-25NOV16DETPHI-DETDMONTGOMERY5-2,2025_11_DET_PHI,DET,david montgomery,player_receptions,1.5,2.0,0.0,0.49,0.56,no,0
KXNFLREC-25DEC11ATLTB-ATLDMOONEY1-3,2025_15_ATL_TB,ATL,darnell mooney,player_receptions,2.5,3.0,0.0,0.54,0.56,yes,2
KXNFLRECYDS-25NOV16DETPHI-DETJGIBBS0-23,2025_11_DET_PHI,DET,jahmyr gibbs,player_reception_yds,22.5,23.0,0.0,0.46,0.53,yes,1
KXNFLREC-25NOV16GBNYG-NYGWROBINSON17-6,2025_11_GB_NYG,NYG,wandale robinson,player_receptions,5.5,6.0,0.0,0.51,0.57,no,4
KXNFLRECYDS-26SEP14DENKC-KCNGRAY83-10,2026_01_DEN_KC,KC,noah gray,player_reception_yds,9.5,10.0,0.0,0.48,0.49,no,3
KXNFLREC-25DEC01NYGNE-NETHENDERSON32-3,2025_13_NYG_NE,NE,treveyon henderson,player_receptions,2.5,3.0,0.0,0.43,0.5,yes,4
KXNFLREC-25NOV16HOUTEN-TENGHELM84-2,2025_11_HOU_TEN,TEN,gunnar helm,player_receptions,1.5,2.0,0.0,0.0,0.99,yes,4
KXNFLREC-25DEC01NYGNE-NESDIGGS8-5,2025_13_NYG_NE,NE,stefon diggs,player_receptions,4.5,5.0,0.0,0.48,0.49,no,1
KXNFLREC-25NOV16HOUTEN-TENTPOLLARD20-2,2025_11_HOU_TEN,TEN,tony pollard,player_receptions,1.5,2.0,0.0,0.0,0.99,yes,8
KXNFLREC-25DEC01NYGNE-NEMHOLLINS13-3,2025_13_NYG_NE,NE,mack hollins,player_receptions,2.5,3.0,0.0,0.49,0.5,yes,4
KXNFLREC-25NOV16HOUTEN-TENTSPEARS2-3,2025_11_HOU_TEN,TEN,tyjae spears,player_receptions,2.5,3.0,0.0,0.0,0.58,yes,0
KXNFLREC-26SEP14DENKC-KCCALLEN13-2,2026_01_DEN_KC,KC,cyrus allen,player_receptions,1.5,2.0,0.0,0.38,0.39,no,5
KXNFLREC-25DEC01NYGNE-NEKBOUTTE9-3,2025_13_NYG_NE,NE,kayshon boutte,player_receptions,2.5,3.0,0.0,0.37,0.42,yes,1
KXNFLRECYDS-25NOV16KCDEN-KCBSMITH24-11,2025_11_KC_DEN,KC,brashard smith,player_reception_yds,10.5,11.0,0.0,0.02,0.58,no,0
KXNFLREC-26SEP13MIALV-MIACDOUGLAS7-3,2026_01_MIA_LV,MIA,caleb douglas,player_receptions,2.5,3.0,0.0,0.41,0.42,yes,0
KXNFLREC-25DEC01NYGNE-NEDDOUGLAS3-2,2025_13_NYG_NE,NE,demario douglas,player_receptions,1.5,2.0,0.0,0.41,0.45,yes,0
KXNFLREC-25DEC01NYGNE-NEAHOOPER81-2,2025_13_NYG_NE,NE,austin hooper,player_receptions,1.5,2.0,0.0,0.25,0.4,no,4
KXNFLREC-26SEP14DENKC-KCKWALKER9-4,2026_01_DEN_KC,KC,kenneth walker,player_receptions,3.5,4.0,0.0,0.39,0.4,no,1
KXNFLREC-25DEC01NYGNE-NEHHENRY85-4,2025_13_NYG_NE,NE,hunter henry,player_receptions,3.5,4.0,0.0,0.45,0.46,yes,3
KXNFLREC-25NOV16HOUTEN-TENEAYOMANOR5-3,2025_11_HOU_TEN,TEN,elic ayomanor,player_receptions,2.5,3.0,0.0,0.51,0.56,no,0
KXNFLRECYDS-25DEC04DALDET-DALJWILLIAMS33-10,2025_14_DAL_DET,DAL,javonte williams,player_reception_yds,9.5,10.0,0.0,0.48,0.53,no,7
KXNFLRECYDS-25DEC04DALDET-DALKTURPIN9-15,2025_14_DAL_DET,DAL,kavontae turpin,player_reception_yds,14.5,15.0,0.0,0.47,0.51,yes,5
KXNFLRECYDS-25NOV16HOUTEN-TENCDIKE17-25,2025_11_HOU_TEN,TEN,chimere dike,player_reception_yds,24.5,25.0,0.0,0.49,0.5,no,6
KXNFLREC-25DEC07LAARI-ARIMCARTER22-3,2025_14_LA_ARI,ARI,michael carter,player_receptions,2.5,3.0,0.0,0.01,0.59,no,5
KXNFLREC-26SEP13MIALV-MIADACHANE28-5,2026_01_MIA_LV,MIA,devon achane,player_receptions,4.5,5.0,0.0,0.39,0.4,no,0
KXNFLRECYDS-25DEC07LAARI-ARIEHIGGINS84-16,2025_14_LA_ARI,ARI,elijah higgins,player_reception_yds,15.5,16.0,0.0,0.03,0.59,no,9
KXNFLREC-25DEC04DALDET-DALRFLOURNOY19-2,2025_14_DAL_DET,DAL,ryan flournoy,player_receptions,1.5,2.0,0.0,0.42,0.48,yes,2
KXNFLRECYDS-25NOV16HOUTEN-TENGHELM84-14,2025_11_HOU_TEN,TEN,gunnar helm,player_reception_yds,13.5,14.0,0.0,0.02,0.53,yes,0
KXNFLREC-25DEC04DALDET-DALKTURPIN9-2,2025_14_DAL_DET,DAL,kavontae turpin,player_receptions,1.5,2.0,0.0,0.46,0.47,yes,7
KXNFLREC-26SEP13MIALV-MIACBELL18-2,2026_01_MIA_LV,MIA,chris bell,player_receptions,1.5,2.0,0.0,0.55,0.57,no,1
KXNFLREC-25DEC04DALDET-DALJWILLIAMS33-2,2025_14_DAL_DET,DAL,javonte williams,player_receptions,1.5,2.0,0.0,0.56,0.57,yes,7
KXNFLRECYDS-25NOV16HOUTEN-TENTPOLLARD20-10,2025_11_HOU_TEN,TEN,tony pollard,player_reception_yds,9.5,10.0,0.0,0.02,0.53,no,4
KXNFLREC-25DEC04DALDET-DALJFERGUSON87-5,2025_14_DAL_DET,DAL,jake ferguson,player_receptions,4.5,5.0,0.0,0.48,0.52,yes,3
KXNFLREC-25DEC04DALDET-DALGPICKENS3-6,2025_14_DAL_DET,DAL,george pickens,player_receptions,5.5,6.0,0.0,0.52,0.58,no,3
KXNFLREC-25NOV16HOUTEN-TENCDIKE17-3,2025_11_HOU_TEN,TEN,chimere dike,player_receptions,2.5,3.0,0.0,0.0,0.5,no,3
KXNFLREC-25DEC04DALDET-DALCLAMB88-7,2025_14_DAL_DET,DAL,ceedee lamb,player_receptions,6.5,7.0,0.0,0.45,0.47,no,3
KXNFLREC-26SEP14DENKC-KCNGRAY83-2,2026_01_DEN_KC,KC,noah gray,player_receptions,1.5,2.0,0.0,0.38,0.39,no,0
KXNFLREC-25NOV02ATLNE-NESDIGGS8-5,2025_09_ATL_NE,NE,stefon diggs,player_receptions,4.5,5.0,0.0,0.0,0.52,no,3
KXNFLREC-25NOV24CARSF-SFRPEARSALL1-4,2025_12_CAR_SF,SF,ricky pearsall,player_receptions,3.5,4.0,0.0,0.45,0.49,no,3
KXNFLREC-26JAN18HOUNE-HOUJNOEL14-2,2025_20_HOU_NE,HOU,jaylin noel,player_receptions,1.5,2.0,0.0,0.32,0.36,no,5
KXNFLREC-26SEP20WASDAL-DALCLAMB88-6,2026_02_WAS_DAL,DAL,ceedee lamb,player_receptions,5.5,6.0,0.0,0.54,0.55,yes,7
KXNFLREC-25DEC22SFIND-INDMPITTMAN11-4,2025_16_SF_IND,IND,michael pittman,player_receptions,3.5,4.0,0.0,0.51,0.53,yes,1
KXNFLREC-26SEP20MINCHI-MINJJEFFERSON18-7,2026_02_MIN_CHI,MIN,justin jefferson,player_receptions,6.5,7.0,0.0,0.44,0.45,no,3
KXNFLRECYDS-25DEC28ARICIN-ARIEDEMERCADO31-10,2025_17_ARI_CIN,ARI,emari demercado,player_reception_yds,9.5,10.0,0.0,0.44,0.52,no,1
KXNFLREC-25DEC28NENYJ-NETHENDERSON32-3,2025_17_NE_NYJ,NE,treveyon henderson,player_receptions,2.5,3.0,0.0,0.4,0.43,no,0
KXNFLRECYDS-25DEC28ARICIN-ARIMWILSON14-50,2025_17_ARI_CIN,ARI,michael wilson,player_reception_yds,49.5,50.0,0.0,0.47,0.51,yes,2
KXNFLREC-26JAN18HOUNE-HOUJHIGGINS81-4,2025_20_HOU_NE,HOU,jayden higgins,player_receptions,3.5,4.0,0.0,0.44,0.47,yes,1
KXNFLREC-25DEC28ARICIN-ARIEHIGGINS84-3,2025_17_ARI_CIN,ARI,elijah higgins,player_receptions,2.5,3.0,0.0,0.41,0.45,no,1
KXNFLREC-25DEC28NENYJ-NESDIGGS8-6,2025_17_NE_NYJ,NE,stefon diggs,player_receptions,5.5,6.0,0.0,0.47,0.5,yes,2
KXNFLREC-25DEC28NENYJ-NERSTEVENSON38-2,2025_17_NE_NYJ,NE,rhamondre stevenson,player_receptions,1.5,2.0,0.0,0.51,0.57,yes,0
KXNFLREC-25DEC28ARICIN-ARIMHARRISON18-3,2025_17_ARI_CIN,ARI,marvin harrison,player_receptions,2.5,3.0,0.0,0.5,0.58,no,0
KXNFLREC-26SEP20PITNE-NETHENDERSON32-2,2026_02_PIT_NE,NE,treveyon henderson,player_receptions,1.5,2.0,0.0,0.46,0.47,no,3
KXNFLREC-25DEC28ARICIN-ARIMCARTER22-3,2025_17_ARI_CIN,ARI,michael carter,player_receptions,2.5,3.0,0.0,0.51,0.56,no,0
KXNFLREC-25DEC28ARICIN-ARIMWILSON14-5,2025_17_ARI_CIN,ARI,michael wilson,player_receptions,4.5,5.0,0.0,0.39,0.43,yes,1
KXNFLREC-25DEC28ARICIN-ARITMCBRIDE85-9,2025_17_ARI_CIN,ARI,trey mcbride,player_receptions,8.5,9.0,0.0,0.41,0.47,yes,1
KXNFLREC-25DEC28NENYJ-NEHHENRY85-5,2025_17_NE_NYJ,NE,hunter henry,player_receptions,4.5,5.0,0.0,0.42,0.45,no,2
KXNFLREC-26JAN10LACAR-LADADAMS17-5,2025_19_LA_CAR,LA,davante adams,player_receptions,4.5,5.0,0.0,0.38,0.43,yes,0
KXNFLRECYDS-25DEC28PITCLE-PITPFREIERMUTH88-24,2025_17_PIT_CLE,PIT,pat freiermuth,player_reception_yds,23.5,24.0,0.0,0.44,0.52,yes,3
KXNFLREC-26SEP20MINCHI-MINJOLIVER84-2,2026_02_MIN_CHI,MIN,josh oliver,player_receptions,1.5,2.0,0.0,0.49,0.5,no,5
KXNFLREC-25DEC22SFIND-INDAPIERCE14-2,2025_16_SF_IND,IND,alec pierce,player_receptions,1.5,2.0,0.0,0.53,0.55,yes,0
KXNFLREC-25DEC28TBMIA-MIADWALLER83-4,2025_17_TB_MIA,MIA,darren waller,player_receptions,3.5,4.0,0.0,0.03,0.39,no,3
KXNFLREC-25DEC20PHIWAS-WASJBATES87-2,2025_16_PHI_WAS,WAS,john bates,player_receptions,1.5,2.0,0.0,0.46,0.48,no,4
KXNFLREC-25DEC20PHIWAS-PHISBARKLEY26-3,2025_16_PHI_WAS,PHI,saquon barkley,player_receptions,2.5,3.0,0.0,0.41,0.43,no,4
KXNFLRECYDS-25DEC28TBMIA-MIADWALLER83-32,2025_17_TB_MIA,MIA,darren waller,player_reception_yds,31.5,32.0,0.0,0.45,0.53,no,0
KXNFLREC-26JAN12HOUPIT-PITKGAINWELL14-5,2025_19_HOU_PIT,PIT,kenneth gainwell,player_receptions,4.5,5.0,0.0,0.53,0.55,no,0
KXNFLREC-26SEP20MINCHI-MINJADDISON3-4,2026_02_MIN_CHI,MIN,jordan addison,player_receptions,3.5,4.0,0.0,0.4,0.42,no,0
KXNFLREC-25DEC20PHIWAS-WASTMCLAURIN17-5,2025_16_PHI_WAS,WAS,terry mclaurin,player_receptions,4.5,5.0,0.0,0.4,0.45,no,6
KXNFLREC-25DEC28PITCLE-PITPFREIERMUTH88-3,2025_17_PIT_CLE,PIT,pat freiermuth,player_receptions,2.5,3.0,0.0,0.44,0.49,yes,1
KXNFLREC-25DEC28PITCLE-PITKGAINWELL14-5,2025_17_PIT_CLE,PIT,kenneth gainwell,player_receptions,4.5,5.0,0.0,0.38,0.47,no,0
KXNFLRECYDS-25DEC22SFIND-INDJTAYLOR28-21,2025_16_SF_IND,IND,jonathan taylor,player_reception_yds,20.5,21.0,0.0,0.48,0.51,yes,4
KXNFLREC-26JAN18HOUNE-HOUXHUTCHINSON19-3,2025_20_HOU_NE,HOU,xavier hutchinson,player_receptions,2.5,3.0,0.0,0.52,0.56,yes,10
KXNFLREC-25DEC28PITCLE-PITDWASHINGTON80-3,2025_17_PIT_CLE,PIT,darnell washington,player_receptions,2.5,3.0,0.0,0.52,0.55,no,2
KXNFLREC-26JAN18HOUNE-HOUWMARKS27-2,2025_20_HOU_NE,HOU,woody marks,player_receptions,1.5,2.0,0.0,0.47,0.5,yes,0
KXNFLREC-25DEC22SFIND-INDJDOWNS2-4,2025_16_SF_IND,IND,josh downs,player_receptions,3.5,4.0,0.0,0.44,0.45,yes,1
KXNFLRECYDS-25OCT19LVKC-KCIPACHECO10-10,2025_07_LV_KC,KC,isiah pacheco,player_reception_yds,9.5,10.0,0.0,0.48,0.53,no,1
KXNFLREC-25DEC29LAATL-LATFERGUSON18-2,2025_17_LA_ATL,LA,terrance ferguson,player_receptions,1.5,2.0,0.0,0.56,0.59,yes,0
KXNFLREC-26SEP20PITNE-NEDDOUGLAS3-4,2026_02_PIT_NE,NE,demario douglas,player_receptions,3.5,4.0,0.0,0.42,0.43,no,3
KXNFLREC-26JAN18HOUNE-HOUCKIRK13-4,2025_20_HOU_NE,HOU,christian kirk,player_receptions,3.5,4.0,0.0,0.53,0.56,no,0
KXNFLRECYDS-25DEC28JACIND-INDAPIERCE14-32,2025_17_JAX_IND,IND,alec pierce,player_reception_yds,31.5,32.0,0.0,0.52,0.58,no,3
KXNFLREC-25DEC28JACIND-INDJDOWNS2-5,2025_17_JAX_IND,IND,josh downs,player_receptions,4.5,5.0,0.0,0.34,0.45,no,2
KXNFLREC-25DEC28JACIND-INDJTAYLOR28-3,2025_17_JAX_IND,IND,jonathan taylor,player_receptions,2.5,3.0,0.0,0.5,0.57,yes,2
KXNFLRECYDS-25DEC28JACIND-JACBTHOMAS7-50,2025_17_JAX_IND,JAX,brian thomas,player_reception_yds,49.5,50.0,0.0,0.47,0.51,no,3
KXNFLREC-26JAN17SFSEA-SEACKUPP10-3,2025_20_SF_SEA,SEA,cooper kupp,player_receptions,2.5,3.0,0.0,0.52,0.57,yes,0
KXNFLREC-26JAN18HOUNE-HOUCSTOVER87-2,2025_20_HOU_NE,HOU,cade stover,player_receptions,1.5,2.0,0.0,0.4,0.44,no,1
KXNFLRECYDS-25DEC28JACIND-JACJMEYERS3-60,2025_17_JAX_IND,JAX,jakobi meyers,player_reception_yds,59.5,60.0,0.0,0.47,0.51,no,3
KXNFLREC-25DEC28JACIND-JACJMEYERS3-5,2025_17_JAX_IND,JAX,jakobi meyers,player_receptions,4.5,5.0,0.0,0.54,0.59,yes,0
KXNFLRECYDS-25DEC28JACIND-INDJDOWNS2-37,2025_17_JAX_IND,IND,josh downs,player_reception_yds,36.5,37.0,0.0,0.44,0.52,no,3
KXNFLREC-26SEP20PITNE-NEHHENRY85-4,2026_02_PIT_NE,NE,hunter henry,player_receptions,3.5,4.0,0.0,0.45,0.46,no,3
KXNFLRECYDS-26JAN18HOUNE-HOUJNOEL14-10,2025_20_HOU_NE,HOU,jaylin noel,player_reception_yds,9.5,10.0,0.0,0.48,0.49,no,3
KXNFLREC-25DEC28JACIND-JACBTHOMAS7-4,2025_17_JAX_IND,JAX,brian thomas,player_receptions,3.5,4.0,0.0,0.43,0.49,yes,0
KXNFLREC-25DEC28JACIND-JACBSTRANGE85-4,2025_17_JAX_IND,JAX,brenton strange,player_receptions,3.5,4.0,0.0,0.49,0.52,no,2
KXNFLREC-25DEC28JACIND-INDMPITTMAN11-5,2025_17_JAX_IND,IND,michael pittman,player_receptions,4.5,5.0,0.0,0.49,0.52,no,2
KXNFLRECYDS-25DEC25DETMIN-DETSZYLSTRA84-12,2025_17_DET_MIN,DET,shane zylstra,player_reception_yds,11.5,12.0,0.0,0.46,0.54,no,5
KXNFLREC-25DEC25DETMIN-DETSZYLSTRA84-2,2025_17_DET_MIN,DET,shane zylstra,player_receptions,1.5,2.0,0.0,0.4,0.47,no,4
KXNFLREC-25DEC25DETMIN-MINAJONES33-4,2025_17_DET_MIN,MIN,aaron jones,player_receptions,3.5,4.0,0.0,0.38,0.42,no,4
KXNFLREC-25DEC29LAATL-LAPNACUA12-9,2025_17_LA_ATL,LA,puka nacua,player_receptions,8.5,9.0,0.0,0.41,0.47,no,5
KXNFLREC-26SEP20PITNE-NERDOUBS87-4,2026_02_PIT_NE,NE,romeo doubs,player_receptions,3.5,4.0,0.0,0.44,0.45,no,3
KXNFLREC-25DEC25DETMIN-DETJGIBBS0-5,2025_17_DET_MIN,DET,jahmyr gibbs,player_receptions,4.5,5.0,0.0,0.13,0.54,no,0
KXNFLREC-25DEC29LAATL-LAKWILLIAMS23-2,2025_17_LA_ATL,LA,kyren williams,player_receptions,1.5,2.0,0.0,0.59,0.63,yes,2
KXNFLREC-25DEC25DETMIN-MINJNAILOR1-2,2025_17_DET_MIN,MIN,jalen nailor,player_receptions,1.5,2.0,0.0,0.58,0.61,no,0
KXNFLRECYDS-25OCT19LVKC-KCTKELCE87-40,2025_07_LV_KC,KC,travis kelce,player_reception_yds,39.5,40.0,0.0,0.48,0.52,yes,1
KXNFLREC-25DEC25DETMIN-DETJWILLIAMS1-5,2025_17_DET_MIN,DET,jameson williams,player_receptions,4.5,5.0,0.0,0.09,0.43,no,2
KXNFLRECYDS-25DEC29LAATL-LAKWILLIAMS23-12,2025_17_LA_ATL,LA,kyren williams,player_reception_yds,11.5,12.0,0.0,0.5,0.52,yes,2
KXNFLREC-25DEC25DETMIN-MINJADDISON3-4,2025_17_DET_MIN,MIN,jordan addison,player_receptions,3.5,4.0,0.0,0.41,0.43,no,6
KXNFLREC-26SEP20PITNE-NERSTEVENSON38-3,2026_02_PIT_NE,NE,rhamondre stevenson,player_receptions,2.5,3.0,0.0,0.54,0.55,no,0
KXNFLREC-25DEC25DETMIN-MINJOLIVER84-3,2025_17_DET_MIN,MIN,josh oliver,player_receptions,2.5,3.0,0.0,0.46,0.5,no,3
KXNFLREC-25DEC28JACIND-JACTETIENNE1-3,2025_17_JAX_IND,JAX,travis etienne,player_receptions,2.5,3.0,0.0,0.49,0.56,no,0
KXNFLRECYDS-26SEP20PITNE-NERDOUBS87-40,2026_02_PIT_NE,NE,romeo doubs,player_reception_yds,39.5,40.0,0.0,0.47,0.48,yes,4
KXNFLREC-25DEC28JACIND-JACPWASHINGTON11-4,2025_17_JAX_IND,JAX,parker washington,player_receptions,3.5,4.0,0.0,0.36,0.45,yes,2
KXNFLREC-25DEC28TBMIA-MIADACHANE28-4,2025_17_TB_MIA,MIA,devon achane,player_receptions,3.5,4.0,0.0,0.54,0.55,no,0
KXNFLREC-25DEC28JACIND-INDAPIERCE14-3,2025_17_JAX_IND,IND,alec pierce,player_receptions,2.5,3.0,0.0,0.38,0.47,no,0
KXNFLREC-25DEC20PHIWAS-PHIABROWN11-6,2025_16_PHI_WAS,PHI,aj brown,player_receptions,5.5,6.0,0.0,0.39,0.43,yes,4
KXNFLREC-25NOV02ATLNE-NEAHOOPER81-2,2025_09_ATL_NE,NE,austin hooper,player_receptions,1.5,2.0,0.0,0.0,0.6,no,3
KXNFLREC-26SEP20WASDAL-DALJFERGUSON87-4,2026_02_WAS_DAL,DAL,jake ferguson,player_receptions,3.5,4.0,0.0,0.46,0.47,yes,4
KXNFLREC-26JAN17SFSEA-SEAABARNER88-3,2025_20_SF_SEA,SEA,aj barner,player_receptions,2.5,3.0,0.0,0.56,0.62,no,0
KXNFLREC-25NOV02ATLNE-ATLKPITTS8-5,2025_09_ATL_NE,ATL,kyle pitts,player_receptions,4.5,5.0,0.0,0.0,0.46,no,3
KXNFLREC-26JAN11BUFJAC-BUFDKINCAID86-4,2025_19_BUF_JAX,BUF,dalton kincaid,player_receptions,3.5,4.0,0.0,0.47,0.51,no,0
KXNFLREC-25NOV02ATLNE-ATLBROBINSON7-5,2025_09_ATL_NE,ATL,bijan robinson,player_receptions,4.5,5.0,0.0,0.0,0.52,yes,3
KXNFLREC-25DEC28TBMIA-MIAMWASHINGTON6-3,2025_17_TB_MIA,MIA,malik washington,player_receptions,2.5,3.0,0.0,0.36,0.44,no,2
KXNFLRECYDS-25DEC20PHIWAS-PHIJDOTSON2-9,2025_16_PHI_WAS,PHI,jahan dotson,player_reception_yds,8.5,9.0,0.0,0.04,0.52,yes,4
KXNFLREC-26JAN11BUFJAC-BUFJCOOK4-3,2025_19_BUF_JAX,BUF,james cook,player_receptions,2.5,3.0,0.0,0.57,0.6,no,5
KXNFLREC-25NOV02ATLNE-NEKBOUTTE9-3,2025_09_ATL_NE,NE,kayshon boutte,player_receptions,2.5,3.0,0.0,0.0,0.55,no,3
KXNFLRECYDS-25DEC20PHIWAS-WASJLANE83-11,2025_16_PHI_WAS,WAS,jaylin lane,player_reception_yds,10.5,11.0,0.0,0.06,0.51,no,4
KXNFLREC-25DEC20PHIWAS-WASBSINNOTT82-2,2025_16_PHI_WAS,WAS,ben sinnott,player_receptions,1.5,2.0,0.0,0.4,0.44,no,2
KXNFLRECYDS-26JAN11BUFJAC-BUFDKNOX88-20,2025_19_BUF_JAX,BUF,dawson knox,player_reception_yds,19.5,20.0,0.0,0.53,0.55,yes,0
KXNFLREC-26SEP20WASDAL-DALJWILLIAMS33-3,2026_02_WAS_DAL,DAL,javonte williams,player_receptions,2.5,3.0,0.0,0.48,0.49,yes,1
KXNFLREC-25NOV02ATLNE-NEHHENRY85-4,2025_09_ATL_NE,NE,hunter henry,player_receptions,3.5,4.0,0.0,0.0,0.44,yes,3
KXNFLREC-26JAN12HOUPIT-PITDMETCALF4-5,2025_19_HOU_PIT,PIT,dk metcalf,player_receptions,4.5,5.0,0.0,0.0,0.99,no,5
KXNFLREC-26JAN12HOUPIT-PITCAUSTIN19-2,2025_19_HOU_PIT,PIT,calvin austin,player_receptions,1.5,2.0,0.0,0.35,0.43,yes,1
KXNFLREC-25NOV02ATLNE-NEDDOUGLAS3-2,2025_09_ATL_NE,NE,demario douglas,player_receptions,1.5,2.0,0.0,0.0,0.61,yes,3
KXNFLRECYDS-25DEC20PHIWAS-PHISBARKLEY26-16,2025_16_PHI_WAS,PHI,saquon barkley,player_reception_yds,15.5,16.0,0.0,0.48,0.52,no,1
KXNFLREC-25NOV02ATLNE-ATLDLONDON5-6,2025_09_ATL_NE,ATL,drake london,player_receptions,5.5,6.0,0.0,0.0,0.5,yes,3
KXNFLREC-25NOV02ATLNE-ATLDMOONEY1-4,2025_09_ATL_NE,ATL,darnell mooney,player_receptions,3.5,4.0,0.0,0.0,0.42,no,3
KXNFLRECYDS-25OCT09PHINYG-PHIJDOTSON2-10,2025_06_PHI_NYG,PHI,jahan dotson,player_reception_yds,9.5,10.0,0.0,0.3,0.53,yes,3
KXNFLREC-25DEC28TBMIA-MIAJWADDLE17-5,2025_17_TB_MIA,MIA,jaylen waddle,player_receptions,4.5,5.0,0.0,0.49,0.55,no,1
KXNFLREC-25DEC20PHIWAS-PHIDSMITH6-5,2025_16_PHI_WAS,PHI,devonta smith,player_receptions,4.5,5.0,0.0,0.48,0.51,yes,5
KXNFLREC-25DEC28TBMIA-MIAGDULCICH85-2,2025_17_TB_MIA,MIA,greg dulcich,player_receptions,1.5,2.0,0.0,0.49,0.57,yes,3
KXNFLREC-25NOV02ATLNE-NEMHOLLINS13-2,2025_09_ATL_NE,NE,mack hollins,player_receptions,1.5,2.0,0.0,0.0,0.63,yes,3
KXNFLRECYDS-25DEC29LAATL-LATFERGUSON18-24,2025_17_LA_ATL,LA,terrance ferguson,player_reception_yds,22.5,24.0,1.0,0.49,0.5,yes,1
KXNFLRECYDS-25DEC29LAATL-LAPNACUA12-110,2025_17_LA_ATL,LA,puka nacua,player_reception_yds,110.5,110.0,1.0,0.48,0.49,no,2
KXNFLRECYDS-25DEC11ATLTB-TBEEGBUKA2-50,2025_15_ATL_TB,TB,emeka egbuka,player_reception_yds,50.5,50.0,1.0,0.47,0.52,yes,4
KXNFLRECYDS-25NOV23NYGDET-DETKRAYMOND11-11,2025_12_NYG_DET,DET,kalif raymond,player_reception_yds,11.5,11.0,1.0,0.03,0.61,yes,0
KXNFLRECYDS-25DEC07SEAATL-ATLBROBINSON7-40,2025_14_SEA_ATL,ATL,bijan robinson,player_reception_yds,38.5,40.0,1.0,0.48,0.51,no,1
KXNFLRECYDS-25DEC28TBMIA-MIAJWADDLE17-60,2025_17_TB_MIA,MIA,jaylen waddle,player_reception_yds,58.5,60.0,1.0,0.47,0.51,no,1
KXNFLRECYDS-25DEC28TBMIA-MIADACHANE28-27,2025_17_TB_MIA,MIA,devon achane,player_reception_yds,27.5,27.0,1.0,0.51,0.53,yes,0
KXNFLRECYDS-25DEC01NYGNE-NEDDOUGLAS3-17,2025_13_NYG_NE,NE,demario douglas,player_reception_yds,15.5,17.0,1.0,0.44,0.47,yes,4
KXNFLRECYDS-25DEC01NYGNE-NESDIGGS8-50,2025_13_NYG_NE,NE,stefon diggs,player_reception_yds,50.5,50.0,1.0,0.52,0.54,no,0
KXNFLRECYDS-25DEC01NYGNE-NETHENDERSON32-15,2025_13_NYG_NE,NE,treveyon henderson,player_reception_yds,15.5,15.0,1.0,0.47,0.54,yes,0
KXNFLRECYDS-25DEC01NYGNE-NEAHOOPER81-10,2025_13_NYG_NE,NE,austin hooper,player_reception_yds,10.5,10.0,1.0,0.37,0.56,no,0
KXNFLRECYDS-25DEC28NENYJ-NERSTEVENSON38-12,2025_17_NE_NYJ,NE,rhamondre stevenson,player_reception_yds,12.5,12.0,1.0,0.5,0.57,yes,3
KXNFLRECYDS-25DEC28PITCLE-PITKGAINWELL14-30,2025_17_PIT_CLE,PIT,kenneth gainwell,player_reception_yds,30.5,30.0,1.0,0.48,0.5,no,2
KXNFLRECYDS-26JAN10LACAR-LAPNACUA12-90,2025_19_LA_CAR,LA,puka nacua,player_reception_yds,90.5,90.0,1.0,0.49,0.51,yes,0
KXNFLRECYDS-25DEC28PITCLE-PITDWASHINGTON80-27,2025_17_PIT_CLE,PIT,darnell washington,player_reception_yds,25.5,27.0,1.0,0.35,0.52,no,1
KXNFLRECYDS-25DEC20GBCHI-CHICLOVELAND84-46,2025_16_GB_CHI,CHI,colston loveland,player_reception_yds,44.5,46.0,1.0,0.5,0.51,no,3
KXNFLRECYDS-25DEC22SFIND-INDAPIERCE14-20,2025_16_SF_IND,IND,alec pierce,player_reception_yds,20.5,20.0,1.0,0.52,0.54,yes,0
KXNFLRECYDS-25DEC20GBCHI-CHIOZACCHEAUS14-29,2025_16_GB_CHI,CHI,olamide zaccheaus,player_reception_yds,27.5,29.0,1.0,0.46,0.5,yes,3
KXNFLRECYDS-25DEC21LACDAL-LACOHAMPTON8-12,2025_16_LAC_DAL,LAC,omarion hampton,player_reception_yds,10.5,12.0,1.0,0.35,0.58,no,0
KXNFLRECYDS-25DEC18LASEA-LADALLEN87-17,2025_16_LA_SEA,LA,davis allen,player_reception_yds,15.5,17.0,1.0,0.03,0.5,yes,0
KXNFLRECYDS-25DEC21CINMIA-CINJCHASE1-90,2025_16_CIN_MIA,CIN,jamarr chase,player_reception_yds,88.5,90.0,1.0,0.47,0.51,yes,0
KXNFLRECYDS-25DEC22SFIND-INDTWARREN84-36,2025_16_SF_IND,IND,tyler warren,player_reception_yds,36.5,36.0,1.0,0.52,0.53,no,0
KXNFLRECYDS-25DEC20PHIWAS-WASJBATES87-10,2025_16_PHI_WAS,WAS,john bates,player_reception_yds,10.5,10.0,1.0,0.52,0.59,no,2
KXNFLRECYDS-25DEC21MINNYG-MINTHOCKENSON87-28,2025_16_MIN_NYG,MIN,tj hockenson,player_reception_yds,26.5,28.0,1.0,0.46,0.51,no,0
KXNFLRECYDS-25DEC20PHIWAS-WASJMCNICHOLS26-9,2025_16_PHI_WAS,WAS,jeremy mcnichols,player_reception_yds,7.5,9.0,1.0,0.06,0.51,yes,9
KXNFLRECYDS-25DEC21NYJNO-NYJAMITCHELL15-43,2025_16_NYJ_NO,NYJ,adonai mitchell,player_reception_yds,41.5,43.0,1.0,0.47,0.6,yes,0
KXNFLRECYDS-25DEC20PHIWAS-PHIABROWN11-64,2025_16_PHI_WAS,PHI,aj brown,player_reception_yds,62.5,64.0,1.0,0.5,0.51,yes,4
KXNFLRECYDS-25DEC21MINNYG-MINJNAILOR1-24,2025_16_MIN_NYG,MIN,jalen nailor,player_reception_yds,22.5,24.0,1.0,0.48,0.51,no,0
KXNFLRECYDS-25DEC21LVHOU-LVTTUCKER1-30,2025_16_LV_HOU,LV,tre tucker,player_reception_yds,28.5,30.0,1.0,0.47,0.52,yes,3
KXNFLRECYDS-25DEC14INDSEA-SEAKWALKER9-14,2025_15_IND_SEA,SEA,kenneth walker,player_reception_yds,12.5,14.0,1.0,0.03,0.57,no,5
KXNFLRECYDS-25DEC28JACIND-JACTETIENNE1-17,2025_17_JAX_IND,JAX,travis etienne,player_reception_yds,17.5,17.0,1.0,0.02,0.54,no,4
KXNFLRECYDS-26JAN18HOUNE-HOUCSTOVER87-10,2025_20_HOU_NE,HOU,cade stover,player_reception_yds,8.5,10.0,1.0,0.44,0.47,no,1
KXNFLRECYDS-25DEC28JACIND-INDMPITTMAN11-44,2025_17_JAX_IND,IND,michael pittman,player_reception_yds,44.5,44.0,1.0,0.43,0.52,no,4
KXNFLRECYDS-26JAN18HOUNE-HOUWMARKS27-10,2025_20_HOU_NE,HOU,woody marks,player_reception_yds,8.5,10.0,1.0,0.47,0.49,yes,0
KXNFLRECYDS-25DEC28JACIND-JACBSTRANGE85-40,2025_17_JAX_IND,JAX,brenton strange,player_reception_yds,38.5,40.0,1.0,0.47,0.51,yes,1
KXNFLRECYDS-25DEC14BALCIN-BALDHOPKINS10-20,2025_15_BAL_CIN,BAL,deandre hopkins,player_reception_yds,20.5,20.0,1.0,0.48,0.54,yes,0
KXNFLRECYDS-26JAN18HOUNE-HOUXHUTCHINSON19-30,2025_20_HOU_NE,HOU,xavier hutchinson,player_reception_yds,30.5,30.0,1.0,0.49,0.51,yes,7
KXNFLRECYDS-25DEC28JACIND-INDJTAYLOR28-18,2025_17_JAX_IND,IND,jonathan taylor,player_reception_yds,18.5,18.0,1.0,0.52,0.54,no,3
KXNFLRECYDS-25DEC14LVPHI-PHIABROWN11-65,2025_15_LV_PHI,PHI,aj brown,player_reception_yds,63.5,65.0,1.0,0.46,0.53,no,3
KXNFLRECYDS-25DEC25DETMIN-DETITESLAA18-16,2025_17_DET_MIN,DET,isaac teslaa,player_reception_yds,14.5,16.0,1.0,0.04,0.57,yes,1
KXNFLRECYDS-26FEB08SEANE-NEDDOUGLAS3-10,2025_22_SEA_NE,NE,demario douglas,player_reception_yds,10.5,10.0,1.0,0.51,0.55,yes,0
KXNFLRECYDS-25DEC21ATLARI-ATLDMOONEY1-25,2025_16_ATL_ARI,ATL,darnell mooney,player_reception_yds,25.5,25.0,1.0,0.03,0.55,no,1
KXNFLRECYDS-25DEC21BUFCLE-CLECTILLMAN19-14,2025_16_BUF_CLE,CLE,cedric tillman,player_reception_yds,12.5,14.0,1.0,0.34,0.51,no,0
KXNFLRECYDS-25DEC25DETMIN-MINJNAILOR1-20,2025_17_DET_MIN,MIN,jalen nailor,player_reception_yds,20.5,20.0,1.0,0.51,0.52,no,4
KXNFLRECYDS-25DEC14LVPHI-PHISBARKLEY26-14,2025_15_LV_PHI,PHI,saquon barkley,player_reception_yds,14.5,14.0,1.0,0.35,0.59,yes,3
KXNFLRECYDS-26FEB08SEANE-NEKBOUTTE9-30,2025_22_SEA_NE,NE,kayshon boutte,player_reception_yds,30.5,30.0,1.0,0.52,0.54,no,0
KXNFLRECYDS-25NOV02ATLNE-NESDIGGS8-50,2025_09_ATL_NE,NE,stefon diggs,player_reception_yds,50.5,50.0,1.0,0.45,0.51,no,2
KXNFLRECYDS-25NOV09JACHOU-HOUXHUTCHINSON19-20,2025_10_JAX_HOU,HOU,xavier hutchinson,player_reception_yds,18.5,20.0,1.0,0.02,0.5,no,5
KXNFLRECYDS-25NOV09JACHOU-HOUCKIRK13-30,2025_10_JAX_HOU,HOU,christian kirk,player_reception_yds,30.5,30.0,1.0,0.02,0.56,no,4
KXNFLRECYDS-25NOV16CHIMIN-CHIRODUNZE15-55,2025_11_CHI_MIN,CHI,rome odunze,player_reception_yds,55.5,55.0,1.0,0.46,0.52,no,0
KXNFLRECYDS-25NOV16CHIMIN-MINAJONES33-20,2025_11_CHI_MIN,MIN,aaron jones,player_reception_yds,20.5,20.0,1.0,0.47,0.53,no,1
KXNFLRECYDS-25NOV02ATLNE-NEHHENRY85-30,2025_09_ATL_NE,NE,hunter henry,player_reception_yds,30.5,30.0,1.0,0.46,0.52,yes,6
KXNFLRECYDS-25NOV16CHIMIN-CHICLOVELAND84-29,2025_11_CHI_MIN,CHI,colston loveland,player_reception_yds,27.5,29.0,1.0,0.44,0.51,yes,8
KXNFLRECYDS-26SEP20PITNE-NEHHENRY85-40,2026_02_PIT_NE,NE,hunter henry,player_reception_yds,38.5,40.0,1.0,0.48,0.49,yes,6
KXNFLRECYDS-25OCT26CLENE-CLEQJUDKINS10-10,2025_08_CLE_NE,CLE,quinshon judkins,player_reception_yds,8.5,10.0,1.0,0.35,0.5,no,1
KXNFLRECYDS-25NOV16KCDEN-KCTKELCE87-43,2025_11_KC_DEN,KC,travis kelce,player_reception_yds,43.5,43.0,1.0,0.45,0.52,yes,10
KXNFLRECYDS-25NOV02KCBUF-BUFKCOLEMAN0-40,2025_09_KC_BUF,BUF,keon coleman,player_reception_yds,40.5,40.0,1.0,0.47,0.55,no,3
KXNFLRECYDS-25OCT19WASDAL-DALJFERGUSON87-40,2025_07_WAS_DAL,DAL,jake ferguson,player_reception_yds,40.5,40.0,1.0,0.53,0.54,no,10
KXNFLRECYDS-25NOV02KCBUF-BUFDKNOX88-10,2025_09_KC_BUF,BUF,dawson knox,player_reception_yds,8.5,10.0,1.0,0.43,0.51,yes,3
KXNFLRECYDS-25OCT19MIACLE-MIANWESTBROOKIKHINE18-10,2025_07_MIA_CLE,MIA,nick westbrookikhine,player_reception_yds,8.5,10.0,1.0,0.0,0.51,yes,0
KXNFLRECYDS-25OCT19NOCHI-CHIRODUNZE15-60,2025_07_NO_CHI,CHI,rome odunze,player_reception_yds,58.5,60.0,1.0,0.46,0.52,no,9
KXNFLRECYDS-25NOV16CHIMIN-CHIOZACCHEAUS14-20,2025_11_CHI_MIN,CHI,olamide zaccheaus,player_reception_yds,20.5,20.0,1.0,0.47,0.53,no,3
KXNFLRECYDS-25NOV16DETPHI-DETDMONTGOMERY5-10,2025_11_DET_PHI,DET,david montgomery,player_reception_yds,10.5,10.0,1.0,0.54,0.55,yes,1
KXNFLRECYDS-25OCT26SFHOU-SFJJENNINGS15-40,2025_08_SF_HOU,SF,jauan jennings,player_reception_yds,40.5,40.0,1.0,0.49,0.55,yes,9
KXNFLRECYDS-25NOV09BUFMIA-BUFDKNOX88-10,2025_10_BUF_MIA,BUF,dawson knox,player_reception_yds,10.5,10.0,1.0,0.02,0.65,yes,7
KXNFLRECYDS-25OCT26BUFCAR-BUFKSHAKIR10-50,2025_08_BUF_CAR,BUF,khalil shakir,player_reception_yds,48.5,50.0,1.0,0.46,0.51,yes,8
KXNFLRECYDS-25NOV16CHIMIN-CHILBURDEN10-20,2025_11_CHI_MIN,CHI,luther burden,player_reception_yds,20.5,20.0,1.0,0.47,0.53,yes,3
KXNFLRECYDS-26SEP20MINCHI-MINJOLIVER84-15,2026_02_MIN_CHI,MIN,josh oliver,player_reception_yds,13.5,15.0,1.0,0.49,0.5,yes,3
KXNFLRECYDS-25NOV16CHIMIN-CHIDSWIFT4-17,2025_11_CHI_MIN,CHI,dandre swift,player_reception_yds,15.5,17.0,1.0,0.47,0.54,no,0
KXNFLRECYDS-25OCT12TENLV-LVJMEYERS16-60,2025_06_TEN_LV,LV,jakobi meyers,player_reception_yds,57.5,60.0,2.0,0.2,0.52,no,1
KXNFLRECYDS-25DEC14INDSEA-SEAJSMITHNJIGBA11-95,2025_15_IND_SEA,SEA,jaxon smithnjigba,player_reception_yds,96.5,95.0,2.0,0.51,0.55,yes,7
KXNFLRECYDS-25DEC28NENYJ-NETHENDERSON32-15,2025_17_NE_NYJ,NE,treveyon henderson,player_reception_yds,12.5,15.0,2.0,0.44,0.51,no,3
KXNFLRECYDS-25NOV09BALMIN-BALMANDREWS89-30,2025_10_BAL_MIN,BAL,mark andrews,player_reception_yds,31.5,30.0,2.0,0.02,0.58,no,7
KXNFLRECYDS-26JAN25LASEA-LAPNACUA12-90,2025_21_LA_SEA,LA,puka nacua,player_reception_yds,91.5,90.0,2.0,0.51,0.52,yes,1
KXNFLRECYDS-25DEC18LASEA-LAPNACUA12-95,2025_16_LA_SEA,LA,puka nacua,player_reception_yds,92.5,95.0,2.0,0.45,0.49,yes,8
KXNFLRECYDS-25NOV09BUFMIA-BUFKSHAKIR10-50,2025_10_BUF_MIA,BUF,khalil shakir,player_reception_yds,47.5,50.0,2.0,0.02,0.58,yes,7
KXNFLRECYDS-25DEC20GBCHI-CHIDMOORE2-47,2025_16_GB_CHI,CHI,dj moore,player_reception_yds,44.5,47.0,2.0,0.45,0.51,yes,8
KXNFLRECYDS-25OCT19MIACLE-MIAMWASHINGTON6-20,2025_07_MIA_CLE,MIA,malik washington,player_reception_yds,17.5,20.0,2.0,0.42,0.46,yes,1
KXNFLRECYDS-25DEC28NENYJ-NEHHENRY85-50,2025_17_NE_NYJ,NE,hunter henry,player_reception_yds,47.5,50.0,2.0,0.46,0.47,no,0
KXNFLRECYDS-25OCT19LAJAC-LATHIGBEE89-30,2025_07_LA_JAX,LA,tyler higbee,player_reception_yds,27.5,30.0,2.0,0.51,0.54,no,5
KXNFLRECYDS-25NOV09ATLIND-ATLDLONDON5-70,2025_10_ATL_IND,ATL,drake london,player_reception_yds,71.5,70.0,2.0,0.3,0.53,yes,3
KXNFLRECYDS-25DEC28JACIND-INDTWARREN84-50,2025_17_JAX_IND,IND,tyler warren,player_reception_yds,47.5,50.0,2.0,0.41,0.46,no,3
KXNFLRECYDS-26FEB08SEANE-NEAHOOPER81-10,2025_22_SEA_NE,NE,austin hooper,player_reception_yds,7.5,10.0,2.0,0.43,0.47,yes,1
KXNFLRECYDS-25DEC21ATLARI-ATLKPITTS8-51,2025_16_ATL_ARI,ATL,kyle pitts,player_reception_yds,52.5,51.0,2.0,0.03,0.56,yes,1
KXNFLRECYDS-25DEC22SFIND-INDJDOWNS2-25,2025_16_SF_IND,IND,josh downs,player_reception_yds,26.5,25.0,2.0,0.5,0.54,yes,0
KXNFLRECYDS-25NOV27GBDET-DETJWILLIAMS1-54,2025_13_GB_DET,DET,jameson williams,player_reception_yds,51.5,54.0,2.0,0.45,0.52,yes,6
KXNFLRECYDS-25NOV16KCDEN-KCRRICE4-78,2025_11_KC_DEN,KC,rashee rice,player_reception_yds,75.5,78.0,2.0,0.46,0.52,no,3
KXNFLRECYDS-25NOV30NOMIA-NOJJOHNSON83-44,2025_13_NO_MIA,NO,juwan johnson,player_reception_yds,41.5,44.0,2.0,0.02,0.56,no,9
KXNFLRECYDS-25DEC28ARICIN-ARITMCBRIDE85-80,2025_17_ARI_CIN,ARI,trey mcbride,player_reception_yds,81.5,80.0,2.0,0.52,0.55,no,0
KXNFLRECYDS-25NOV24CARSF-SFGKITTLE85-60,2025_12_CAR_SF,SF,george kittle,player_reception_yds,57.5,60.0,2.0,0.45,0.51,yes,0
KXNFLRECYDS-25OCT26GBPIT-GBJJACOBS8-20,2025_08_GB_PIT,GB,josh jacobs,player_reception_yds,17.5,20.0,2.0,0.42,0.46,no,5
KXNFLRECYDS-26JAN12HOUPIT-PITPFREIERMUTH88-30,2025_19_HOU_PIT,PIT,pat freiermuth,player_reception_yds,31.5,30.0,2.0,0.53,0.54,no,1
KXNFLRECYDS-25NOV23NYGDET-DETJWILLIAMS1-61,2025_12_NYG_DET,DET,jameson williams,player_reception_yds,62.5,61.0,2.0,0.49,0.56,no,0
KXNFLRECYDS-25DEC28ARICIN-ARIMCARTER22-18,2025_17_ARI_CIN,ARI,michael carter,player_reception_yds,15.5,18.0,2.0,0.43,0.48,no,3
KXNFLRECYDS-25DEC28ARICIN-ARIMHARRISON18-40,2025_17_ARI_CIN,ARI,marvin harrison,player_reception_yds,37.5,40.0,2.0,0.05,0.5,no,1
KXNFLRECYDS-25OCT12SEAJAC-SEATHORTON15-20,2025_06_SEA_JAX,SEA,tory horton,player_reception_yds,21.5,20.0,2.0,0.35,0.57,no,7
KXNFLRECYDS-25DEC07LAARI-ARIMWILSON14-70,2025_14_LA_ARI,ARI,michael wilson,player_reception_yds,71.5,70.0,2.0,0.48,0.53,yes,6
KXNFLRECYDS-25DEC21NYJNO-NYJBHALL20-16,2025_16_NYJ_NO,NYJ,breece hall,player_reception_yds,13.5,16.0,2.0,0.04,0.53,no,0
KXNFLRECYDS-25DEC11ATLTB-TBCGODWIN14-40,2025_15_ATL_TB,TB,chris godwin,player_reception_yds,41.5,40.0,2.0,0.45,0.53,no,9
KXNFLRECYDS-25DEC28TBMIA-MIAGDULCICH85-19,2025_17_TB_MIA,MIA,greg dulcich,player_reception_yds,16.5,19.0,2.0,0.03,0.52,yes,5
KXNFLRECYDS-25DEC18LASEA-LAKWILLIAMS23-10,2025_16_LA_SEA,LA,kyren williams,player_reception_yds,11.5,10.0,2.0,0.55,0.56,yes,0
KXNFLRECYDS-25NOV16HOUTEN-TENTSPEARS2-19,2025_11_HOU_TEN,TEN,tyjae spears,player_reception_yds,16.5,19.0,2.0,0.02,0.59,yes,4
KXNFLRECYDS-26SEP14DENKC-KCXWORTHY1-35,2026_01_DEN_KC,KC,xavier worthy,player_reception_yds,36.5,35.0,2.0,0.54,0.55,no,1
KXNFLRECYDS-25OCT26BUFCAR-BUFKCOLEMAN0-40,2025_08_BUF_CAR,BUF,keon coleman,player_reception_yds,41.5,40.0,2.0,0.5,0.56,no,8
KXNFLRECYDS-26JAN12HOUPIT-PITJSMITH81-10,2025_19_HOU_PIT,PIT,jonnu smith,player_reception_yds,11.5,10.0,2.0,0.55,0.57,no,1
KXNFLRECYDS-25OCT19NOCHI-CHIDSWIFT4-20,2025_07_NO_CHI,CHI,dandre swift,player_reception_yds,16.5,20.0,3.0,0.41,0.47,no,1
KXNFLRECYDS-25NOV02KCBUF-BUFJCOOK4-10,2025_09_KC_BUF,BUF,james cook,player_reception_yds,12.5,10.0,3.0,0.53,0.61,yes,3
KXNFLRECYDS-25OCT26DALDEN-DENEENGRAM1-30,2025_08_DAL_DEN,DEN,evan engram,player_reception_yds,32.5,30.0,3.0,0.0,0.56,yes,9
KXNFLRECYDS-26JAN17SFSEA-SEAJSMITHNJIGBA11-90,2025_20_SF_SEA,SEA,jaxon smithnjigba,player_reception_yds,92.5,90.0,3.0,0.5,0.52,no,0
KXNFLRECYDS-25DEC25DETMIN-MINJJEFFERSON18-61,2025_17_DET_MIN,MIN,justin jefferson,player_reception_yds,63.5,61.0,3.0,0.55,0.56,no,2
KXNFLRECYDS-25NOV02KCBUF-BUFDKINCAID86-40,2025_09_KC_BUF,BUF,dalton kincaid,player_reception_yds,36.5,40.0,3.0,0.42,0.5,yes,3
KXNFLRECYDS-25DEC14BALCIN-BALZFLOWERS4-67,2025_15_BAL_CIN,BAL,zay flowers,player_reception_yds,63.5,67.0,3.0,0.44,0.49,yes,3
KXNFLRECYDS-25OCT12TENLV-LVTTUCKER1-40,2025_06_TEN_LV,LV,tre tucker,player_reception_yds,42.5,40.0,3.0,0.3,0.58,yes,1
KXNFLRECYDS-26SEP13MIALV-MIACDOUGLAS7-25,2026_01_MIA_LV,MIA,caleb douglas,player_reception_yds,27.5,25.0,3.0,0.53,0.54,yes,10
KXNFLRECYDS-25OCT19LAJAC-LATATWELL5-40,2025_07_LA_JAX,LA,tutu atwell,player_reception_yds,36.5,40.0,3.0,0.47,0.5,no,3
KXNFLRECYDS-26SEP13MIALV-MIADACHANE28-25,2026_01_MIA_LV,MIA,devon achane,player_reception_yds,27.5,25.0,3.0,0.57,0.58,yes,0
KXNFLRECYDS-26SEP14DENKC-KCRRICE4-50,2026_01_DEN_KC,KC,rashee rice,player_reception_yds,52.5,50.0,3.0,0.51,0.52,no,0
KXNFLRECYDS-25DEC04DALDET-DALJFERGUSON87-40,2025_14_DAL_DET,DAL,jake ferguson,player_reception_yds,36.5,40.0,3.0,0.42,0.47,yes,7
KXNFLRECYDS-26SEP13MIALV-MIAMWASHINGTON6-25,2026_01_MIA_LV,MIA,malik washington,player_reception_yds,27.5,25.0,3.0,0.55,0.56,yes,1
KXNFLRECYDS-25DEC01NYGNE-NEKBOUTTE9-30,2025_13_NYG_NE,NE,kayshon boutte,player_reception_yds,32.5,30.0,3.0,0.55,0.57,yes,0
KXNFLRECYDS-25NOV24CARSF-SFCMCCAFFREY23-50,2025_12_CAR_SF,SF,christian mccaffrey,player_reception_yds,46.5,50.0,3.0,0.49,0.5,yes,0
KXNFLRECYDS-26JAN11BUFJAC-BUFJCOOK4-20,2025_19_BUF_JAX,BUF,james cook,player_reception_yds,22.5,20.0,3.0,0.54,0.55,no,1
KXNFLRECYDS-25OCT06KCJAC-JACBTHOMAS760,2025_05_KC_JAX,JAX,brian thomas,player_reception_yds,56.5,60.0,3.0,0.0,0.52,yes,1
KXNFLRECYDS-25NOV09JACHOU-HOUDSCHULTZ86-40,2025_10_JAX_HOU,HOU,dalton schultz,player_reception_yds,36.5,40.0,3.0,0.5,0.51,yes,6
KXNFLRECYDS-25OCT19MIACLE-MIADWALLER83-30,2025_07_MIA_CLE,MIA,darren waller,player_reception_yds,32.5,30.0,3.0,0.5,0.57,no,5
KXNFLRECYDS-26JAN12HOUPIT-PITJWARREN30-10,2025_19_HOU_PIT,PIT,jaylen warren,player_reception_yds,12.5,10.0,3.0,0.59,0.6,no,0
KXNFLRECYDS-26SEP13GBMIN-GBCWATSON9-60,2026_01_GB_MIN,GB,christian watson,player_reception_yds,56.5,60.0,3.0,0.45,0.46,yes,1
KXNFLRECYDS-26JAN12HOUPIT-PITCAUSTIN19-10,2025_19_HOU_PIT,PIT,calvin austin,player_reception_yds,12.5,10.0,3.0,0.56,0.61,no,1
KXNFLRECYDS-25NOV24CARSF-SFRPEARSALL1-41,2025_12_CAR_SF,SF,ricky pearsall,player_reception_yds,44.5,41.0,4.0,0.52,0.58,no,2
KXNFLRECYDS-26JAN17SFSEA-SEAKWALKER9-10,2025_20_SF_SEA,SEA,kenneth walker,player_reception_yds,13.5,10.0,4.0,0.59,0.61,yes,0
KXNFLRECYDS-26SEP20PITNE-NERSTEVENSON38-15,2026_02_PIT_NE,NE,rhamondre stevenson,player_reception_yds,18.5,15.0,4.0,0.57,0.58,no,3
KXNFLRECYDS-25OCT09PHINYG-PHIABROWN11-70,2025_06_PHI_NYG,PHI,aj brown,player_reception_yds,65.5,70.0,4.0,0.37,0.46,yes,3
KXNFLRECYDS-26JAN11BUFJAC-BUFDKINCAID86-40,2025_19_BUF_JAX,BUF,dalton kincaid,player_reception_yds,43.5,40.0,4.0,0.55,0.56,no,0
KXNFLRECYDS-26JAN11BUFJAC-BUFBCOOKS18-20,2025_19_BUF_JAX,BUF,brandin cooks,player_reception_yds,23.5,20.0,4.0,0.54,0.55,yes,0
KXNFLRECYDS-25OCT06KCJAC-JACPWASHINGTON1120,2025_05_KC_JAX,JAX,parker washington,player_reception_yds,15.5,20.0,4.0,0.18,0.99,no,5
KXNFLRECYDS-26SEP13GBMIN-GBMLLOYD32-15,2026_01_GB_MIN,GB,marshawn lloyd,player_reception_yds,10.5,15.0,4.0,0.36,0.39,no,0
KXNFLRECYDS-25OCT26SFHOU-SFKBOURNE84-30,2025_08_SF_HOU,SF,kendrick bourne,player_reception_yds,33.5,30.0,4.0,0.53,0.6,yes,3
KXNFLRECYDS-25OCT26DALDEN-DENTFRANKLIN11-40,2025_08_DAL_DEN,DEN,troy franklin,player_reception_yds,35.5,40.0,4.0,0.0,0.48,yes,10
KXNFLRECYDS-25OCT19NOCHI-CHICKMET85-10,2025_07_NO_CHI,CHI,cole kmet,player_reception_yds,13.5,10.0,4.0,0.56,0.59,yes,1
KXNFLRECYDS-26JAN25LASEA-LAKWILLIAMS23-10,2025_21_LA_SEA,LA,kyren williams,player_reception_yds,13.5,10.0,4.0,0.58,0.61,yes,1
KXNFLRECYDS-25OCT19NOCHI-CHIDMOORE2-40,2025_07_NO_CHI,CHI,dj moore,player_reception_yds,35.5,40.0,4.0,0.41,0.47,yes,9
KXNFLRECYDS-26FEB08SEANE-NEMHOLLINS13-30,2025_22_SEA_NE,NE,mack hollins,player_reception_yds,25.5,30.0,4.0,0.44,0.46,yes,0
KXNFLRECYDS-26FEB08SEANE-NESDIGGS8-40,2025_22_SEA_NE,NE,stefon diggs,player_reception_yds,43.5,40.0,4.0,0.58,0.59,no,0
KXNFLRECYDS-25OCT26BUFCAR-BUFJCOOK4-20,2025_08_BUF_CAR,BUF,james cook,player_reception_yds,15.5,20.0,4.0,0.35,0.4,no,8
KXNFLRECYDS-25OCT19NOCHI-CHIOZACCHEAUS14-30,2025_07_NO_CHI,CHI,olamide zaccheaus,player_reception_yds,25.5,30.0,4.0,0.39,0.44,no,1
KXNFLRECYDS-25DEC28NENYJ-NESDIGGS8-60,2025_17_NE_NYJ,NE,stefon diggs,player_reception_yds,63.5,60.0,4.0,0.54,0.56,yes,3
KXNFLRECYDS-25OCT12TENLV-LVAJEANTY2-20,2025_06_TEN_LV,LV,ashton jeanty,player_reception_yds,15.5,20.0,4.0,0.3,0.44,no,1
KXNFLRECYDS-25NOV09DETWAS-DETSLAPORTA87-50,2025_10_DET_WAS,DET,sam laporta,player_reception_yds,45.5,50.0,4.0,0.02,0.47,yes,6
KXNFLRECYDS-26SEP20CLETB-CLEJJEUDY3-25,2026_02_CLE_TB,CLE,jerry jeudy,player_reception_yds,28.5,25.0,4.0,0.54,0.55,no,3
KXNFLRECYDS-26SEP14DENKC-KCCALLEN13-15,2026_01_DEN_KC,KC,cyrus allen,player_reception_yds,10.5,15.0,4.0,0.33,0.37,no,0
KXNFLRECYDS-25NOV16HOUTEN-TENEAYOMANOR5-30,2025_11_HOU_TEN,TEN,elic ayomanor,player_reception_yds,25.5,30.0,4.0,0.47,0.51,no,3
KXNFLRECYDS-26JAN25LASEA-LATHIGBEE89-20,2025_21_LA_SEA,LA,tyler higbee,player_reception_yds,15.5,20.0,4.0,0.42,0.43,no,1
KXNFLRECYDS-26JAN17SFSEA-SEARSHAHEED22-20,2025_20_SF_SEA,SEA,rashid shaheed,player_reception_yds,23.5,20.0,4.0,0.56,0.59,no,0
KXNFLRECYDS-25NOV09JACHOU-HOUWMARKS27-10,2025_10_JAX_HOU,HOU,woody marks,player_reception_yds,14.5,10.0,5.0,0.67,0.68,yes,6
KXNFLRECYDS-26SEP13GBMIN-GBJREED11-50,2026_01_GB_MIN,GB,jayden reed,player_reception_yds,44.5,50.0,5.0,0.39,0.42,no,0
KXNFLRECYDS-26JAN25LASEA-LATFERGUSON18-10,2025_21_LA_SEA,LA,terrance ferguson,player_reception_yds,14.5,10.0,5.0,0.6,0.68,no,10
KXNFLRECYDS-25NOV09JACHOU-HOUNCOLLINS12-60,2025_10_JAX_HOU,HOU,nico collins,player_reception_yds,64.5,60.0,5.0,0.02,0.59,yes,3
KXNFLRECYDS-25OCT19LVKC-KCXWORTHY1-40,2025_07_LV_KC,KC,xavier worthy,player_reception_yds,44.5,40.0,5.0,0.55,0.59,no,1
KXNFLRECYDS-25OCT26GBPIT-GBRDOUBS87-50,2025_08_GB_PIT,GB,romeo doubs,player_reception_yds,54.5,50.0,5.0,0.54,0.59,no,8
KXNFLRECYDS-25NOV09ATLIND-ATLDMOONEY1-30,2025_10_ATL_IND,ATL,darnell mooney,player_reception_yds,34.5,30.0,5.0,0.59,0.6,no,7
KXNFLRECYDS-25OCT19LVKC-KCMBROWN5-20,2025_07_LV_KC,KC,marquise brown,player_reception_yds,24.5,20.0,5.0,0.45,0.63,no,1
KXNFLRECYDS-26JAN10LACAR-LATHIGBEE89-30,2025_19_LA_CAR,LA,tyler higbee,player_reception_yds,24.5,30.0,5.0,0.43,0.44,yes,4
KXNFLRECYDS-25NOV02ATLNE-ATLKPITTS8-50,2025_09_ATL_NE,ATL,kyle pitts,player_reception_yds,44.5,50.0,5.0,0.41,0.47,no,2
KXNFLRECYDS-25OCT19WASDAL-DALGPICKENS3-60,2025_07_WAS_DAL,DAL,george pickens,player_reception_yds,64.5,60.0,5.0,0.57,0.59,yes,10
KXNFLRECYDS-26FEB08SEANE-NERSTEVENSON38-20,2025_22_SEA_NE,NE,rhamondre stevenson,player_reception_yds,24.5,20.0,5.0,0.55,0.56,yes,0
KXNFLRECYDS-26JAN11BUFJAC-BUFKSHAKIR10-50,2025_19_BUF_JAX,BUF,khalil shakir,player_reception_yds,44.5,50.0,5.0,0.42,0.45,yes,5
KXNFLRECYDS-25OCT26DALDEN-DENCSUTTON14-60,2025_08_DAL_DEN,DEN,courtland sutton,player_reception_yds,64.5,60.0,5.0,0.0,0.57,yes,10
KXNFLRECYDS-26JAN17SFSEA-SEAABARNER88-30,2025_20_SF_SEA,SEA,aj barner,player_reception_yds,24.5,30.0,5.0,0.39,0.42,no,0
