impl_b,n,win_pct,implied,roi
"(0.0, 0.15]",166,0.0783132530120482,0.12200938899669277,-0.37987951807228915
"(0.15, 0.25]",637,0.2031496062992126,0.210834925401437,-0.04684458398744114
"(0.25, 0.35]",1155,0.271304347826087,0.3009976265241138,-0.10312554112554112
"(0.35, 0.45]",1398,0.3992831541218638,0.4013828048977815,-0.0019456366237482078
"(0.45, 0.55]",1107,0.48957388939256574,0.49751454288017777,-0.013707193041059277
"(0.55, 0.65]",1430,0.576140350877193,0.6026297856105398,-0.04365526166892198
"(0.65, 0.75]",1174,0.6883005977796754,0.6996385714426294,-0.017177537408123597
"(0.75, 0.85]",850,0.7780401416765053,0.7928889117667574,-0.01811428654919298
"(0.85, 1.0]",273,0.9007352941176471,0.8925923393812827,0.008803563649278307
