referee,n,over_pct,avg_ou_margin,first,last,pval
Shawn Hochuli,128,0.4296875,-0.22519083969465647,2018,2025,0.13262480132498222
Peter Morelli,123,0.45528455284552843,0.2886178861788618,2011,2018,0.3672967393938885
Adrian Hill,113,0.46017699115044247,-0.6194690265486725,2019,2025,0.4518532686657418
Bill Vinovich,225,0.4622222222222222,0.07236842105263158,2012,2025,0.28609877375780085
Brad Allen,190,0.4631578947368421,-0.02356020942408377,2014,2025,0.34564486357461577
John Hussey,178,0.47191011235955055,0.21153846153846154,2015,2025,0.5000546060016114
Ed Hochuli,110,0.4727272727272727,0.10267857142857142,2011,2017,0.6337556480191587
Land Clark,94,0.4787234042553192,0.8697916666666666,2020,2025,0.7571890741424053
Tony Corrente,167,0.47904191616766467,-0.6735294117647059,2011,2021,0.6425688093388633
Scott Novak,112,0.48214285714285715,0.11160714285714286,2019,2025,0.7769647513696717
Terry McAulay,105,0.4857142857142857,-0.3333333333333333,2011,2017,0.845370318882552
Craig Wrolstad,193,0.48704663212435234,0.05641025641025641,2014,2025,0.7734911416953503
Walt Coleman,121,0.48760330578512395,-0.11570247933884298,2011,2018,0.85582159921108
Clay Martin,127,0.4881889763779528,0.984375,2018,2025,0.8592278156599696
Clete Blakeman,243,0.4897119341563786,0.944672131147541,2011,2025,0.7975513494466999
Gene Steratore,102,0.49019607843137253,-0.5660377358490566,2011,2017,0.9211910492538715
Carl Cheffers,238,0.49159663865546216,-0.34232365145228216,2011,2025,0.8458664528291988
Walt Anderson,138,0.4927536231884058,0.2446043165467626,2011,2019,0.9322024875049746
Shawn Smith,129,0.49612403100775193,2.3576923076923078,2018,2025,1.0
Ron Torbert,151,0.4966887417218543,1.3642384105960266,2015,2025,1.0
Jeff Triplette,104,0.5096153846153846,2.557142857142857,2011,2017,0.921948827626431
Alex Kemp,130,0.5153846153846153,0.4473684210526316,2018,2025,0.7925825227940956
Brad Rogers,93,0.5268817204301075,0.956989247311828,2020,2025,0.6785320136533244
John Parry,120,0.55,0.7291666666666666,2011,2018,0.315303300832258
Jerome Boger,182,0.5769230769230769,1.3224043715846994,2011,2022,0.04505458205192087
