role,line,w,l,p,n,pct,pval,roi_110,roi_actual,pct_2011_19,pct_2020_25,su_pct,avg_ats_margin
away dog,0.5-2.5,259,218,0,477,0.5429769392033543,0.0669173544318866,0.0365923384791309,0.07811040278498582,0.5514705882352942,0.5317073170731708,0.5042016806722689,1.5178197064989518
away dog,3,158,134,32,292,0.541095890410959,0.17821091967153932,0.029741863075196377,0.056974979306988846,0.5174418604651163,0.575,0.41975308641975306,0.4444444444444444
away dog,3.5-6.5,441,416,6,857,0.514585764294049,0.41233120755061925,-0.01748656905087963,-0.0024221727529426724,0.5113636363636364,0.5197568389057751,0.32868757259001163,-0.4455388180764774
away dog,7,77,78,14,155,0.4967741935483871,1.0,-0.047337278106508875,-0.04203653672104013,0.4752475247524752,0.5370370370370371,0.2261904761904762,-1.7159763313609468
away dog,7.5-9.5,169,154,0,323,0.5232198142414861,0.4360380800837739,-0.0011258091753448111,0.0048115808532354625,0.5357142857142857,0.5039370078740157,0.2639751552795031,-0.09442724458204334
away dog,10-13.5,134,152,11,286,0.46853146853146854,0.314784756839631,-0.10162228344046527,-0.10045609925853582,0.49444444444444446,0.42452830188679247,0.13175675675675674,-1.6245791245791246
away dog,14+,53,51,3,104,0.5096153846153846,0.921948827626431,-0.026338147833474955,-0.018633560408770813,0.5254237288135594,0.4888888888888889,0.06542056074766354,-0.3925233644859813
home dog,0.5-2.5,204,213,7,417,0.4892086330935252,0.6952834821396603,-0.06496569468267585,-0.037918651593401895,0.5,0.4748603351955307,0.45368171021377673,1.0235849056603774
home dog,3,120,112,21,232,0.5172413793103449,0.6459173194409779,-0.011498383039885006,0.008452776550651134,0.5514705882352942,0.46875,0.4150197628458498,1.0276679841897234
home dog,3.5-6.5,232,245,4,477,0.4863731656184486,0.5827481612387289,-0.07087507087507088,-0.05822330325465385,0.4749034749034749,0.5,0.325,-1.1018711018711018
home dog,7,42,42,4,84,0.5,1.0,-0.04338842975206614,-0.0390630746597695,0.4791666666666667,0.5277777777777778,0.2441860465116279,-1.5909090909090908
home dog,7.5-9.5,63,48,0,111,0.5675675675675675,0.18365717190177477,0.08353808353808355,0.07919468687436734,0.47058823529411764,0.65,0.18018018018018017,-1.0135135135135136
home dog,10-13.5,48,32,1,80,0.6,0.09291188222054622,0.14365881032547695,0.1407359640240544,0.5813953488372093,0.6216216216216216,0.2222222222222222,2.2839506172839505
home dog,14+,11,7,1,18,0.6111111111111112,0.480682373046875,0.15789473684210525,0.15641915273352633,0.3333333333333333,0.75,0.15789473684210525,2.6315789473684212
away fav,0.5-2.5,213,204,7,417,0.5107913669064749,0.6952834821396603,-0.024442538593482013,-0.019044027789789458,0.5,0.5251396648044693,0.5463182897862233,-1.0235849056603774
away fav,3,112,120,21,232,0.4827586206896552,0.6459173194409779,-0.07186489399928137,-0.05686413767528713,0.4485294117647059,0.53125,0.5849802371541502,-1.0276679841897234
away fav,3.5-6.5,245,232,4,477,0.5136268343815513,0.5827481612387289,-0.019278019278019295,0.006166907862714567,0.525096525096525,0.5,0.675,1.1018711018711018
away fav,7,42,42,4,84,0.5,1.0,-0.04338842975206614,-0.009137724695021136,0.5208333333333334,0.4722222222222222,0.7558139534883721,1.5909090909090908
away fav,7.5-9.5,48,63,0,111,0.43243243243243246,0.18365717190177477,-0.17444717444717447,-0.1472000782703422,0.5294117647058824,0.35,0.8198198198198198,1.0135135135135136
away fav,10-13.5,32,48,1,80,0.4,0.09291188222054622,-0.23344556677890013,-0.20000268927023285,0.4186046511627907,0.3783783783783784,0.7777777777777778,-2.2839506172839505
away fav,14+,7,11,1,18,0.3888888888888889,0.480682373046875,-0.24401913875598089,-0.22436178495673084,0.6666666666666666,0.25,0.8421052631578947,-2.6315789473684212
home fav,0.5-2.5,218,259,0,477,0.4570230607966457,0.0669173544318866,-0.12750142938822184,-0.12515016998961037,0.4485294117647059,0.4682926829268293,0.4957983193277311,-1.5178197064989518
home fav,3,134,158,32,292,0.4589041095890411,0.17821091967153932,-0.11167227833894502,-0.09595202975066727,0.48255813953488375,0.425,0.5802469135802469,-0.4444444444444444
home fav,3.5-6.5,416,441,6,857,0.485414235705951,0.41233120755061925,-0.07279047719372168,-0.054409957186819374,0.48863636363636365,0.48024316109422494,0.6713124274099884,0.4455388180764774
home fav,7,78,77,14,155,0.5032258064516129,1.0,-0.03604088219472836,-0.00966463053126354,0.5247524752475248,0.46296296296296297,0.7738095238095238,1.7159763313609468
home fav,7.5-9.5,154,169,0,323,0.47678018575851394,0.4360380800837739,-0.08978328173374613,-0.055846313139766166,0.4642857142857143,0.49606299212598426,0.7360248447204969,0.09442724458204334
home fav,10-13.5,152,134,11,286,0.5314685314685315,0.314784756839631,0.014080195898377734,0.045355756708475733,0.5055555555555555,0.5754716981132075,0.8682432432432432,1.6245791245791246
home fav,14+,51,53,3,104,0.49038461538461536,0.921948827626431,-0.062022090059473275,-0.042842190188435186,0.4745762711864407,0.5111111111111111,0.9345794392523364,0.3925233644859813
