leg,era,n,win_pct,pushes
Wong: fav -7.5 to -8.5 (-> -1.5/-2.5),all,320,0.728125,1
Wong: fav -7.5 to -8.5 (-> -1.5/-2.5),2011-19,176,0.7329545454545454,1
Wong: fav -7.5 to -8.5 (-> -1.5/-2.5),2020-25,144,0.7222222222222222,0
Wong: dog +1.5 to +2.5 (-> +7.5/+8.5),all,596,0.7684563758389261,2
Wong: dog +1.5 to +2.5 (-> +7.5/+8.5),2011-19,293,0.7610921501706485,2
Wong: dog +1.5 to +2.5 (-> +7.5/+8.5),2020-25,303,0.7755775577557755,0
"Wong fav, home",all,233,0.7081545064377682,1
"Wong fav, home",2011-19,136,0.7058823529411765,1
"Wong fav, home",2020-25,97,0.711340206185567,0
"Wong fav, road",all,87,0.7816091954022989,0
"Wong fav, road",2011-19,40,0.825,0
"Wong fav, road",2020-25,47,0.7446808510638298,0
"Wong dog, home",all,268,0.7574626865671642,1
"Wong dog, home",2011-19,133,0.7443609022556391,1
"Wong dog, home",2020-25,135,0.7703703703703704,0
"Wong dog, road",all,328,0.7774390243902439,1
"Wong dog, road",2011-19,160,0.775,1
"Wong dog, road",2020-25,168,0.7797619047619048,0
"Wong dog, total <= 44",all,256,0.78515625,1
"Wong dog, total <= 44",2011-19,127,0.7795275590551181,1
"Wong dog, total <= 44",2020-25,129,0.7906976744186046,0
"Wong fav, total <= 44",all,121,0.6942148760330579,1
"Wong fav, total <= 44",2011-19,64,0.703125,1
"Wong fav, total <= 44",2020-25,57,0.6842105263157895,0
All favorites,all,4016,0.6892430278884463,75
All favorites,2011-19,2346,0.6892583120204604,52
All favorites,2020-25,1670,0.6892215568862275,23
All dogs,all,4049,0.7075821190417387,42
All dogs,2011-19,2366,0.7016060862214708,32
All dogs,2020-25,1683,0.7159833630421866,10
Fav -3 (-> +3),all,548,0.6715328467153284,43
Fav -3 (-> +3),2011-19,323,0.6594427244582043,27
Fav -3 (-> +3),2020-25,225,0.6888888888888889,16
Dog +3 (-> +9),all,588,0.7346938775510204,3
Dog +3 (-> +9),2011-19,347,0.7377521613832853,3
Dog +3 (-> +9),2020-25,241,0.7302904564315352,0
Fav -6.5 to -7 (-> +0.5/PK),all,434,0.7580645161290323,8
Fav -6.5 to -7 (-> +0.5/PK),2011-19,261,0.7739463601532567,6
Fav -6.5 to -7 (-> +0.5/PK),2020-25,173,0.7341040462427746,2
Dog +7 (-> +13),all,258,0.6317829457364341,1
Dog +7 (-> +13),2011-19,165,0.6484848484848484,1
Dog +7 (-> +13),2020-25,93,0.6021505376344086,0
