setup,k,over,under,o_disc,u_disc,o_hold,u_hold,roi_over_actual,n,over_pct,pct_disc,n_hold,pct_hold,pval,pval_disc,qval,bet,disc_side_ok,hold_beats_vig
wind >=10 + grass,2,282,408,180,254,102,154,-0.2051481069089464,690,0.40869565217391307,0.4147465437788018,256,0.3984375,1.8307848898789306e-06,0.0004451178164468205,0.003128978631277309,UNDER,True,True
wind >=10 + grass + 1pm ET,3,152,245,102,160,50,85,-0.254263507350173,397,0.38287153652392947,0.3893129770992366,135,0.37037037037037035,3.527597104033043e-06,0.00040860352283587117,0.003128978631277309,UNDER,True,True
home fav + wind >=10 + grass,3,167,253,107,156,60,97,-0.22647504551910894,420,0.3976190476190476,0.4068441064638783,157,0.3821656050955414,3.167043705815031e-05,0.003005528412181571,0.01872778511371955,UNDER,True,True
wind >=10 + grass + weeks 5-12,3,122,194,79,126,43,68,-0.2482370943257624,316,0.3860759493670886,0.3853658536585366,111,0.38738738738738737,6.06915687772537e-05,0.0012589422935097329,0.024648490918889224,UNDER,True,True
wind >=10,1,410,533,264,332,146,201,-0.15520438378694298,943,0.43478260869565216,0.4429530201342282,347,0.4207492795389049,6.947150766316015e-05,0.006015331119861936,0.024648490918889224,UNDER,True,True
wind >=10 + 1pm ET,2,239,333,157,220,82,113,-0.18783524082069122,572,0.4178321678321678,0.41644562334217505,195,0.4205128205128205,9.75516941138083e-05,0.001375626257215945,0.02884278422631599,UNDER,True,True
total 42-44.5 + non-division + either team new QB,3,39,82,19,40,20,42,-0.3678236978342044,121,0.32231404958677684,0.3220338983050847,62,0.3225806451612903,0.0001154745274448529,0.008641499683281734,0.029264544526738438,UNDER,True,True
wind >=10 + grass + non-division,3,185,259,121,157,64,102,-0.19002132541036273,444,0.4166666666666667,0.4352517985611511,166,0.3855421686746988,0.0005172682482267511,0.03561338831570175,0.11244974366412366,UNDER,True,True
wind >=10 + 1pm ET + non-division,3,156,224,105,145,51,79,-0.20305671471472928,380,0.4105263157894737,0.42,130,0.3923076923076923,0.0005704891166725552,0.013481449142602584,0.11244974366412366,UNDER,True,True
spread 10+ + grass + weeks 5-12,3,36,72,25,40,11,32,-0.34853740114197684,108,0.3333333333333333,0.38461538461538464,43,0.2558139534883721,0.0006842302219330051,0.08168153394154003,0.12138244137091513,UNDER,True,True
wind >=10 + grass + division,3,97,149,59,97,38,52,-0.23242491370759732,246,0.3943089430894309,0.3782051282051282,90,0.4222222222222222,0.00110492004051449,0.0029305816112167276,0.17819346835206415,UNDER,True,True
home fav + wind >=10,2,256,335,167,209,89,126,-0.15756111001583856,591,0.43316412859560066,0.4441489361702128,215,0.413953488372093,0.0013148324913305933,0.03434090470033107,0.19437606996837273,UNDER,True,True
spread <=3 + grass + division,3,108,161,72,102,36,59,-0.21683681878913708,269,0.40148698884758366,0.41379310344827586,95,0.37894736842105264,0.0014752559593667947,0.027626051149795074,0.19689004203554156,UNDER,True,True
total 42-44.5 + either team new QB,2,79,125,38,66,41,59,-0.24756144880160813,204,0.3872549019607843,0.36538461538461536,100,0.41,0.0015651594811070596,0.0077996161848893665,0.19689004203554156,UNDER,True,True
total 42-44.5 + weeks 13+ reg + either team new QB,3,26,55,10,25,16,30,-0.38164744727405747,81,0.32098765432098764,0.2857142857142857,46,0.34782608695652173,0.001688638072721023,0.016673847800120715,0.19689004203554156,UNDER,True,True
wind >=10 + weeks 5-12,2,184,250,122,163,62,87,-0.17613602212250182,434,0.423963133640553,0.4280701754385965,149,0.4161073825503356,0.0017757839191480636,0.017662753413444383,0.19689004203554156,UNDER,True,True
total <=38 + outdoor + 1pm ET,3,38,71,22,30,16,41,-0.32723013145997487,109,0.3486238532110092,0.4230769230769231,57,0.2807017543859649,0.002033169531309131,0.3317497633694906,0.2041979546912904,UNDER,True,True
home fav + wind >=10 + weeks 5-12,3,107,158,74,107,33,51,-0.2136603311895382,265,0.4037735849056604,0.4088397790055249,84,0.39285714285714285,0.0020719070938236906,0.017139795178384876,0.2041979546912904,UNDER,True,True
outdoor + grass + weeks 5-12,3,389,478,249,292,140,186,-0.1283415412565698,867,0.4486735870818916,0.4602587800369686,326,0.4294478527607362,0.0027813510871144945,0.07086358381571867,0.24366255502371043,UNDER,True,True
home fav + wind >=10 + 1pm ET,3,143,199,91,136,52,63,-0.18669362555957822,342,0.41812865497076024,0.4008810572687225,115,0.45217391304347826,0.0028843932669097624,0.0034053289479651604,0.24366255502371043,UNDER,True,True
wind >=10 + non-division,2,269,343,178,206,91,137,-0.14591591657868286,612,0.4395424836601307,0.4635416666666667,228,0.3991228070175439,0.0031372192797148833,0.1681705108436268,0.24930059666382895,UNDER,True,True
wind >=10 + grass + weeks 13+ reg,3,87,131,51,77,36,54,-0.22220513917425283,218,0.39908256880733944,0.3984375,90,0.4,0.003491640494694064,0.026735172855975448,0.24930059666382895,UNDER,True,True
grass + 1pm ET + weeks 5-12,3,210,275,134,163,76,112,-0.15761598021057271,485,0.4329896907216495,0.4511784511784512,188,0.40425531914893614,0.003616242525127445,0.10406181452153981,0.24930059666382895,UNDER,True,True
wind >=10 + 1pm ET + weeks 5-12,3,118,168,81,114,37,54,-0.19777039613462932,286,0.4125874125874126,0.4153846153846154,91,0.4065934065934066,0.0036873485724120115,0.02168917189061992,0.24930059666382895,UNDER,True,True
outdoor + grass + division,3,327,406,197,262,130,144,-0.13343235701855227,733,0.4461118690313779,0.42919389978213507,274,0.4744525547445255,0.003934120745235034,0.0027752737316777613,0.24930059666382895,UNDER,True,True
outdoor + grass,2,959,1090,598,663,361,427,-0.09157041556610329,2049,0.468033186920449,0.4742268041237113,788,0.4581218274111675,0.004068927964317781,0.07145913291895885,0.24930059666382895,UNDER,True,True
spread 7.5+ + wind >=10 + grass,3,61,98,33,65,28,33,-0.24820534117298693,159,0.3836477987421384,0.336734693877551,61,0.45901639344262296,0.004158473064782037,0.0016005802102081264,0.24930059666382895,UNDER,True,True
total 42-44.5 + grass + 1pm ET,3,139,192,85,118,54,74,-0.18108880430020202,331,0.4199395770392749,0.4187192118226601,128,0.421875,0.004191441220551688,0.024466825359215613,0.24930059666382895,UNDER,True,True
grass + 1pm ET,2,494,589,306,357,188,232,-0.1132253074969872,1083,0.45614035087719296,0.46153846153846156,420,0.44761904761904764,0.004263981985548487,0.05207461859869664,0.24930059666382895,UNDER,True,True
spread <=3 + wind >=10 + grass,3,103,149,70,84,33,65,-0.2067572015514543,252,0.4087301587301587,0.45454545454545453,98,0.336734693877551,0.004491539295928975,0.29481351399329214,0.24930059666382895,UNDER,True,True
total 42-44.5 + wind >=10 + 1pm ET,3,59,95,43,67,16,28,-0.24983014036998163,154,0.38311688311688313,0.39090909090909093,44,0.36363636363636365,0.004637497006711587,0.02785088812566223,0.24930059666382895,UNDER,True,True
outdoor + grass + 1pm ET,3,476,568,291,340,185,228,-0.11360305444632787,1044,0.4559386973180077,0.4611727416798732,413,0.44794188861985473,0.004833256701259235,0.05593779974398673,0.25218227611864363,UNDER,True,True
total 42-44.5 + grass + non-division,3,167,223,106,131,61,92,-0.16695544895966663,390,0.4282051282051282,0.4472573839662447,153,0.39869281045751637,0.005285765126909804,0.11881852716560899,0.2679127810039426,UNDER,True,True
spread 3.5-7 + wind >=10 + 1pm ET,3,95,138,65,94,30,44,-0.20573947464472814,233,0.40772532188841204,0.4088050314465409,74,0.40540540540540543,0.00581469179950945,0.02607018761056169,0.28653509034249347,UNDER,True,True
total 42-44.5 + wind >=10,2,107,152,72,93,35,59,-0.19370156638799943,259,0.41312741312741313,0.43636363636363634,94,0.3723404255319149,0.006148017100623928,0.11920519026070316,0.294386843492819,UNDER,True,True
home fav + wind >=10 + weeks 13+ reg,3,69,106,40,63,29,43,-0.23129078860601363,175,0.3942857142857143,0.3883495145631068,72,0.4027777777777778,0.00633785433078111,0.02968221463162667,0.294386843492819,UNDER,True,True
wind >=15 + grass,2,98,141,59,88,39,53,-0.202869967654605,239,0.4100418410041841,0.4013605442176871,92,0.42391304347826086,0.0064718640903156386,0.020605148179177937,0.294386843492819,UNDER,True,True
weeks 1-4 + non-division + both off under,3,83,51,49,26,34,25,0.2008050205853804,134,0.6194029850746269,0.6533333333333333,59,0.576271186440678,0.007178115485500813,0.01058211705170527,0.3060626969508034,OVER,True,True
home dog + Monday,2,37,65,17,31,20,34,-0.29126972304850535,102,0.3627450980392157,0.3541666666666667,54,0.37037037037037035,0.007206214620046471,0.05946337525377034,0.3060626969508034,UNDER,True,True
total 38.5-41.5 + weeks 1-4 + non-division,3,74,44,48,24,26,20,0.21043044292050037,118,0.6271186440677966,0.6666666666666666,46,0.5652173913043478,0.007330019969069095,0.006309827313666047,0.3060626969508034,OVER,True,True
total 42-44.5 + wind >=10 + grass,3,77,115,51,68,26,47,-0.21558718856681397,192,0.4010416666666667,0.42857142857142855,73,0.3561643835616438,0.007418656126766937,0.14213202807505843,0.3060626969508034,UNDER,True,True
wind >=10 + division,2,141,190,86,126,55,64,-0.1724186388824909,331,0.4259818731117825,0.4056603773584906,119,0.46218487394957986,0.00823434040651324,0.007250604933892641,0.331993633662602,UNDER,True,True
spread <=3 + outdoor + division,3,157,208,103,126,54,82,-0.1630352504916652,365,0.4301369863013699,0.4497816593886463,136,0.39705882352941174,0.008776554488341637,0.14583841090489008,0.34599128138484586,UNDER,True,True
wind >=10 + weeks 5-12 + non-division,3,125,170,85,107,40,63,-0.17650992109223443,295,0.423728813559322,0.4427083333333333,103,0.3883495145631068,0.01029276245261742,0.12941893151575884,0.3865975156868075,UNDER,True,True
spread 7.5+ + weeks 5-12 + both off under,3,35,61,20,34,15,27,-0.2899748848972864,96,0.3645833333333333,0.37037037037037035,42,0.35714285714285715,0.010345913082728777,0.0759047294891014,0.3865975156868075,UNDER,True,True
wind >=10 + grass + either team new QB,3,54,85,31,52,23,33,-0.24347751300315365,139,0.38848920863309355,0.37349397590361444,56,0.4107142857142857,0.010678285382555563,0.027534178012294533,0.3865975156868075,UNDER,True,True
home fav + weeks 1-4 + both off under,3,81,51,47,28,34,23,0.19065350832198452,132,0.6136363636363636,0.6266666666666667,57,0.5964912280701754,0.011314622514903772,0.0369549040273683,0.40144280682878586,OVER,True,True
spread 3.5-7 + wind >=10 + grass,3,118,161,77,105,41,56,-0.17871736233871288,279,0.4229390681003584,0.4230769230769231,97,0.422680412371134,0.011785496004174022,0.04505458205192087,0.40426355194936064,UNDER,True,True
total 42-44.5 + turf + weeks 1-4,3,44,72,28,38,16,34,-0.26149295066235384,116,0.3793103448275862,0.42424242424242425,50,0.32,0.011849889910578778,0.2678116648465871,0.40426355194936064,UNDER,True,True
spread 7.5+ + grass + weeks 5-12,3,82,118,47,71,35,47,-0.2021792712068289,200,0.41,0.3983050847457627,82,0.4268292682926829,0.013130355940531557,0.03378817547182585,0.4359183226782931,UNDER,True,True
home fav + grass + weeks 5-12,3,257,317,168,194,89,123,-0.13000916690777414,574,0.44773519163763065,0.46408839779005523,212,0.419811320754717,0.013723153971767606,0.18878229069201694,0.4359183226782931,UNDER,True,True
grass + weeks 5-12,2,438,515,272,311,166,204,-0.10821181503661155,953,0.459601259181532,0.4665523156089194,370,0.4486486486486487,0.013779017723391624,0.11545705211335716,0.4359183226782931,UNDER,True,True
home dog + wind >=10 + 1pm ET,3,96,134,66,84,30,50,-0.1895402506262496,230,0.41739130434782606,0.44,80,0.375,0.014520448754307738,0.1649069826564429,0.4359183226782931,UNDER,True,True
total 48-50.5 + both off over,2,75,109,47,56,28,53,-0.20593264350237026,184,0.4076086956521739,0.4563106796116505,81,0.345679012345679,0.014757718047602156,0.4306890663081309,0.4359183226782931,UNDER,True,True
grass,1,1074,1191,652,721,422,470,-0.07985699664043479,2265,0.4741721854304636,0.4748725418790969,892,0.4730941704035874,0.01477584061674747,0.06644308901799652,0.4359183226782931,UNDER,True,True
total 42-44.5 + 1pm ET + either team new QB,3,48,76,25,45,23,31,-0.24930205021681567,124,0.3870967741935484,0.35714285714285715,54,0.42592592592592593,0.014984618863332315,0.022462895492509273,0.4359183226782931,UNDER,True,True
total 48-50.5 + turf + both off over,3,30,53,15,27,15,26,-0.28919862451306855,83,0.3614457831325301,0.35714285714285715,41,0.36585365853658536,0.015232201861994662,0.08842954698775429,0.4359183226782931,UNDER,True,True
total 42-44.5 + wind >=10 + non-division,3,66,98,45,62,21,36,-0.213120995159684,164,0.4024390243902439,0.4205607476635514,57,0.3684210526315789,0.01523502593351419,0.12151242187624421,0.4359183226782931,UNDER,True,True
wind >=10 + weeks 13+ reg,2,124,166,71,99,53,67,-0.16859648646058742,290,0.42758620689655175,0.4176470588235294,120,0.44166666666666665,0.015911307037315615,0.03806366960413436,0.44128043917799203,UNDER,True,True
home dog + wind >=10 + grass,3,115,155,73,98,42,57,-0.1715444065896128,270,0.42592592592592593,0.4269005847953216,99,0.42424242424242425,0.017459662912942143,0.0661429101428119,0.4596925387263637,UNDER,True,True
total 42-44.5 + home fav + either team new QB,3,47,74,20,44,27,30,-0.24518094393567236,121,0.3884297520661157,0.3125,57,0.47368421052631576,0.017729521268970583,0.0036899642765400487,0.4596925387263637,UNDER,True,True
home fav + wind >=10 + division,3,82,116,48,77,34,39,-0.19361587983576306,198,0.41414141414141414,0.384,73,0.4657534246575342,0.01878902246536713,0.011959013523238237,0.4596925387263637,UNDER,True,True
1pm ET + weeks 1-4 + both off under,3,61,37,37,16,24,21,0.21040498393982943,98,0.6224489795918368,0.6981132075471698,45,0.5333333333333333,0.019690184799846844,0.005486344876760141,0.4596925387263637,OVER,True,True
spread <=3 + wind >=10 + non-division,3,95,131,64,72,31,59,-0.18448844794712904,226,0.42035398230088494,0.47058823529411764,90,0.34444444444444444,0.01970120762942994,0.548502361486737,0.4596925387263637,UNDER,True,True
total 48-50.5 + home fav + both off over,3,45,71,34,41,11,30,-0.2460900394403155,116,0.3879310344827586,0.4533333333333333,41,0.2682926829268293,0.01987910373823392,0.48868297090314317,0.4596925387263637,UNDER,True,True
spread 3.5-7 + wind >=10,2,165,211,108,139,57,72,-0.14772957119873822,376,0.43882978723404253,0.43724696356275305,129,0.4418604651162791,0.020181079857045873,0.056060714404103006,0.4596925387263637,UNDER,True,True
rain + non-division,2,46,72,34,38,12,34,-0.23477308859686769,118,0.3898305084745763,0.4722222222222222,46,0.2608695652173913,0.020970029530035034,0.7239481457469141,0.4596925387263637,UNDER,True,True
spread 3.5-7 + dome/closed + grass,3,53,31,23,18,30,13,0.2223990756594861,84,0.6309523809523809,0.5609756097560976,43,0.6976744186046512,0.021383189937144585,0.5327092552361137,0.4596925387263637,OVER,True,True
wind >=15 + grass + 1pm ET,3,60,89,40,58,20,31,-0.218280827682993,149,0.40268456375838924,0.40816326530612246,51,0.39215686274509803,0.021483350777722253,0.0854105891128045,0.4596925387263637,UNDER,True,True
1pm ET + away off bye,2,51,78,37,49,14,29,-0.23429824775339417,129,0.3953488372093023,0.43023255813953487,43,0.32558139534883723,0.021702953562836344,0.2353798622110552,0.4596925387263637,UNDER,True,True
home dog + wind >=10,2,154,198,97,123,57,75,-0.15119861682564736,352,0.4375,0.4409090909090909,132,0.4318181818181818,0.02177749289633502,0.09166541830579691,0.4596925387263637,UNDER,True,True
grass + 1pm ET + either team new QB,3,87,121,53,77,34,44,-0.18800017988338688,208,0.4182692307692308,0.4076923076923077,78,0.4358974358974359,0.02190257815489443,0.04325513078582882,0.4596925387263637,UNDER,True,True
spread 3.5-7 + non-division + both off under,3,146,109,85,70,61,39,0.10643042777041764,255,0.5725490196078431,0.5483870967741935,100,0.61,0.023980943288481864,0.26073208800060255,0.48496412629843544,OVER,True,True
spread <=3 + wind >=10 + weeks 5-12,3,63,92,47,52,16,40,-0.20903193832593858,155,0.4064516129032258,0.47474747474747475,56,0.2857142857142857,0.024197878749948405,0.6878853435796918,0.48496412629843544,UNDER,True,True
spread 10+ + outdoor + weeks 5-12,3,59,87,40,47,19,40,-0.20943622074026708,146,0.4041095890410959,0.45977011494252873,59,0.3220338983050847,0.025111377256256767,0.5202915935750735,0.48496412629843544,UNDER,True,True
turf + non-division + both off under,3,156,118,83,65,73,53,0.1020667463230667,274,0.5693430656934306,0.5608108108108109,126,0.5793650793650794,0.02522207032981686,0.16207156803057052,0.48496412629843544,OVER,True,True
wind >=15,1,140,181,87,115,53,66,-0.15350351885811153,321,0.43613707165109034,0.4306930693069307,119,0.44537815126050423,0.025423711243379086,0.05720157618329725,0.48496412629843544,UNDER,True,True
total 42-44.5 + dome/closed + non-division,3,55,82,32,41,23,41,-0.21932396275072835,137,0.40145985401459855,0.4383561643835616,64,0.359375,0.025966837322664315,0.34918183817058834,0.49005499372772865,UNDER,True,True
home fav + wind >=10 + non-division,3,174,219,119,132,55,87,-0.13939818085843295,393,0.44274809160305345,0.47410358565737054,142,0.3873239436619718,0.026326481715322023,0.44885539360960136,0.4916124059261186,UNDER,True,True
temp 33-45 + grass + non-division,3,71,101,41,51,30,50,-0.19867134710256773,172,0.4127906976744186,0.44565217391304346,80,0.375,0.026730285527994106,0.3481412903192068,0.4939534013193911,UNDER,True,True
total 42-44.5 + grass,2,283,339,175,200,108,139,-0.11732681939932238,622,0.454983922829582,0.4666666666666667,247,0.43724696356275305,0.02735297195100053,0.21515979655963452,0.49636167688930194,UNDER,True,True
temp 33-45 + grass,2,130,169,74,90,56,79,-0.15522440912720642,299,0.43478260869565216,0.45121951219512196,135,0.4148148148148148,0.027810146023362885,0.24138955165620354,0.49636167688930194,UNDER,True,True
wind >=15 + weeks 13+ reg,2,43,67,29,40,14,27,-0.24095034598064424,110,0.39090909090909093,0.42028985507246375,41,0.34146341463414637,0.02785088812566223,0.22840022535329702,0.49636167688930194,UNDER,True,True
total 42-44.5 + weeks 1-4,2,116,153,74,91,42,62,-0.16479953651380183,269,0.4312267657992565,0.4484848484848485,104,0.40384615384615385,0.027979801403004618,0.21278579701152114,0.49636167688930194,UNDER,True,True
non-division + either team new QB,2,186,231,91,116,95,115,-0.13234352860587134,417,0.4460431654676259,0.4396135265700483,210,0.4523809523809524,0.03106311942717694,0.09505503368014945,0.5211818987463243,UNDER,True,True
spread <=3 + division,2,228,277,138,163,90,114,-0.12171912923440811,505,0.4514851485148515,0.4584717607973422,204,0.4411764705882353,0.032579201412091856,0.1664545650665084,0.5211818987463243,UNDER,True,True
home fav + wind >=15 + grass,3,61,88,36,53,25,35,-0.20429458648918483,149,0.40939597315436244,0.4044943820224719,60,0.4166666666666667,0.03282183069756985,0.08932073673118937,0.5211818987463243,UNDER,True,True
spread 10+ + weeks 5-12 + non-division,3,56,82,35,47,21,35,-0.20916466043569465,138,0.4057971014492754,0.4268292682926829,56,0.375,0.03294750849564028,0.22424452830608183,0.5211818987463243,UNDER,True,True
dome/closed + division + both off over,3,34,55,17,32,17,23,-0.2580319662818681,89,0.38202247191011235,0.3469387755102041,40,0.425,0.03341672160209761,0.04438416098714981,0.5211818987463243,UNDER,True,True
home dog + outdoor + weeks 1-4,3,104,138,69,76,35,62,-0.16340069105770771,242,0.4297520661157025,0.47586206896551725,97,0.36082474226804123,0.033679211933398526,0.6184454660388155,0.5211818987463243,UNDER,True,True
spread <=3 + grass + weeks 13+ reg,3,104,138,65,86,39,52,-0.1650012780754995,242,0.4297520661157025,0.4304635761589404,91,0.42857142857142855,0.033679211933398526,0.1033001364477296,0.5211818987463243,UNDER,True,True
spread 10+ + both off under,2,47,71,27,43,20,28,-0.22754995831450076,118,0.3983050847457627,0.38571428571428573,48,0.4166666666666667,0.03378817547182585,0.07223792719176257,0.5211818987463243,UNDER,True,True
outdoor + grass + either team new QB,3,159,200,89,117,70,83,-0.13961961903230152,359,0.4428969359331476,0.4320388349514563,153,0.45751633986928103,0.034616207986812295,0.059684178679513415,0.5211818987463243,UNDER,True,True
grass + 1pm ET + non-division,3,329,386,206,232,123,154,-0.10585387087593817,715,0.46013986013986014,0.4703196347031963,277,0.44404332129963897,0.0361612804116034,0.23222665732900555,0.5211818987463243,UNDER,True,True
grass + playoffs,2,36,57,18,31,18,26,-0.24295964869296008,93,0.3870967741935484,0.3673469387755102,44,0.4090909090909091,0.03751423180190034,0.08543313315739454,0.5211818987463243,UNDER,True,True
wind >=15 + grass + weeks 5-12,3,45,68,27,43,18,25,-0.22805004074742807,113,0.39823008849557523,0.38571428571428573,43,0.4186046511627907,0.038018645582796294,0.07223792719176257,0.5211818987463243,UNDER,True,True
total <=38 + outdoor + grass,3,50,74,26,32,24,42,-0.22219922214739152,124,0.4032258064516129,0.4482758620689655,66,0.36363636363636365,0.038448497011000386,0.5118423084381691,0.5211818987463243,UNDER,True,True
temp 33-45 + grass + 1pm ET,3,55,80,34,47,21,33,-0.20578378498630256,135,0.4074074074074074,0.41975308641975306,54,0.3888888888888889,0.03847150032552219,0.18207674694084314,0.5211818987463243,UNDER,True,True
total 48-50.5 + spread <=3 + outdoor,3,61,87,36,56,25,31,-0.19793882237455213,148,0.41216216216216217,0.391304347826087,56,0.44642857142857145,0.039518382596540266,0.04701156164485404,0.5211818987463243,UNDER,True,True
outdoor + grass + playoffs,3,33,53,16,28,17,25,-0.2519656547778914,86,0.38372093023255816,0.36363636363636365,42,0.40476190476190477,0.03985362856053515,0.09614175442061423,0.5211818987463243,UNDER,True,True
wind >=10 + weeks 13+ reg + division,3,56,81,31,50,25,31,-0.2039598766997652,137,0.40875912408759124,0.38271604938271603,56,0.44642857142857145,0.039928179668616365,0.04482852238579864,0.5211818987463243,UNDER,True,True
total 42-44.5 + grass + either team new QB,3,51,75,27,45,24,30,-0.21180675309155023,126,0.40476190476190477,0.375,54,0.4444444444444444,0.04003575935628392,0.04437092000802569,0.5211818987463243,UNDER,True,True
home fav + temp 33-45 + grass,3,85,115,48,61,37,54,-0.17504996131357595,200,0.425,0.44036697247706424,91,0.4065934065934066,0.04003719161339953,0.2502820046919219,0.5211818987463243,UNDER,True,True
spread <=3 + wind >=10 + 1pm ET,3,85,115,59,70,26,45,-0.1768238920370204,200,0.425,0.4573643410852713,71,0.36619718309859156,0.04003719161339953,0.3786876626931186,0.5211818987463243,UNDER,True,True
total 42-44.5 + outdoor + grass,3,260,310,161,179,99,131,-0.11438748848072577,570,0.45614035087719296,0.47352941176470587,230,0.43043478260869567,0.0400386351548683,0.3565704926911354,0.5211818987463243,UNDER,True,True
wind >=10 + 1pm ET + weeks 13+ reg,3,79,108,49,71,30,37,-0.17854264139237983,187,0.42245989304812837,0.4083333333333333,67,0.44776119402985076,0.040316152603177655,0.05477979691370204,0.5211818987463243,UNDER,True,True
total 42-44.5 + home fav + grass,3,171,212,103,132,68,80,-0.1330113275160661,383,0.4464751958224543,0.43829787234042555,148,0.4594594594594595,0.040823112212868606,0.06754404747166956,0.5211818987463243,UNDER,True,True
spread 10+ + weeks 5-12,2,86,116,55,67,31,49,-0.1698613585255814,202,0.42574257425742573,0.45081967213114754,80,0.3875,0.041041382738497494,0.31930829747524453,0.5211818987463243,UNDER,True,True
weeks 1-4 + both off under,2,109,80,63,41,46,39,0.1187296419740272,189,0.5767195767195767,0.6057692307692307,85,0.5411764705882353,0.04139561928397319,0.038957933401311866,0.5211818987463243,OVER,True,True
outdoor + 1pm ET,2,748,830,452,504,296,326,-0.07942087613310449,1578,0.4740177439797212,0.47280334728033474,622,0.4758842443729904,0.04140938381364614,0.0990032103867134,0.5211818987463243,UNDER,True,True
total 42-44.5 + spread 3.5-7 + non-division,3,107,140,67,79,40,61,-0.15954169420450234,247,0.4331983805668016,0.4589041095890411,101,0.39603960396039606,0.04152166505216836,0.36267876308767727,0.5211818987463243,UNDER,True,True
spread 10+ + grass + 1pm ET,3,52,76,28,47,24,29,-0.20647912739919302,128,0.40625,0.37333333333333335,53,0.4528301886792453,0.04163828383950259,0.0369549040273683,0.5211818987463243,UNDER,True,True
grass + 1pm ET + both off over,3,115,149,73,90,42,59,-0.15719407820772036,264,0.4356060606060606,0.44785276073619634,101,0.4158415841584158,0.04205029032387039,0.20999518680228427,0.5211818987463243,UNDER,True,True
1pm ET + non-division + either team new QB,3,101,133,52,74,49,59,-0.15936574746656534,234,0.43162393162393164,0.4126984126984127,108,0.4537037037037037,0.042479994391775876,0.0609382526156603,0.5211818987463243,UNDER,True,True
outdoor + primetime + division,3,109,142,67,90,42,52,-0.1596172293342716,251,0.4342629482071713,0.4267515923566879,94,0.44680851063829785,0.043187000628923146,0.07879180968273986,0.5211818987463243,UNDER,True,True
total 42-44.5 + outdoor + either team new QB,3,64,90,33,53,31,37,-0.1914808396920118,154,0.4155844155844156,0.38372093023255816,68,0.45588235294117646,0.04359993650333536,0.03985362856053515,0.5226100497088981,UNDER,True,True
total 42-44.5 + 1pm ET,2,272,322,164,196,108,126,-0.11001086578140687,594,0.45791245791245794,0.45555555555555555,234,0.46153846153846156,0.044288073128305065,0.10215907217867466,0.5237802781974212,UNDER,True,True
home dog + outdoor + division,3,181,222,110,134,71,88,-0.12481499830809796,403,0.4491315136476427,0.45081967213114754,159,0.44654088050314467,0.04617729321745411,0.1407480762819337,0.5361970427893628,UNDER,True,True
wind >=10 + either team new QB,2,78,106,44,64,34,42,-0.17501064414447648,184,0.42391304347826086,0.4074074074074074,76,0.4473684210526316,0.0462447280421491,0.0670104147522952,0.5361970427893628,UNDER,True,True
total 48-50.5 + home fav + division,3,50,73,34,44,16,29,-0.2095969478259771,123,0.4065040650406504,0.4358974358974359,45,0.35555555555555557,0.0468500791864558,0.3081682319436807,0.537668503807612,UNDER,True,True
total 42-44.5 + home dog + either team new QB,3,32,51,18,22,14,29,-0.2510891849282358,83,0.3855421686746988,0.45,43,0.32558139534883723,0.047524889256531824,0.6358280026288412,0.537668503807612,UNDER,True,True
total 42-44.5 + outdoor + 1pm ET,3,217,261,131,159,86,102,-0.11714868171821187,478,0.45397489539748953,0.4517241379310345,188,0.4574468085106383,0.04909567483464222,0.11269742410917157,0.5477718689097818,UNDER,True,True
turf + weeks 1-4 + both off under,3,52,33,25,17,27,16,0.18497325565595552,85,0.611764705882353,0.5952380952380952,43,0.627906976744186,0.050250895335291444,0.27995623852893914,0.5489839624497324,OVER,True,True
primetime + weeks 13+ reg + division,3,43,64,24,36,19,28,-0.21746614395518393,107,0.40186915887850466,0.4,47,0.40425531914893614,0.052667781298624275,0.1550019040032606,0.5609811138898997,UNDER,True,True
home fav + grass + weeks 1-4,3,182,146,118,88,64,58,0.07294106311454183,328,0.5548780487804879,0.5728155339805825,122,0.5245901639344263,0.05312560717784844,0.04306699847787249,0.5609811138898997,OVER,True,True
grass + 1pm ET + division,3,165,203,100,125,65,78,-0.1275520512524131,368,0.4483695652173913,0.4444444444444444,143,0.45454545454545453,0.05361308860352409,0.10939346729996922,0.562778811731667,UNDER,True,True
total 51+ + outdoor + grass,3,72,98,43,55,29,43,-0.1712113327612742,170,0.4235294117647059,0.4387755102040816,72,0.4027777777777778,0.05486518238547433,0.2664055944111917,0.5649286336043665,UNDER,True,True
weeks 5-12 + away off bye,2,100,130,70,83,30,47,-0.15629720918157358,230,0.43478260869565216,0.45751633986928103,77,0.38961038961038963,0.055613577781392295,0.3319932514398636,0.5649286336043665,UNDER,True,True
total 38.5-41.5 + home fav + turf,3,106,79,55,43,51,36,0.11026082994879204,185,0.572972972972973,0.5612244897959183,87,0.5862068965517241,0.05563867923365775,0.2664055944111917,0.5649286336043665,OVER,True,True
total 42-44.5 + home fav + non-division,3,188,228,122,137,66,91,-0.12087568599156855,416,0.4519230769230769,0.47104247104247104,157,0.42038216560509556,0.05572858561486141,0.3843834331741721,0.5649286336043665,UNDER,True,True
spread 7.5+ + non-division + either team new QB,3,50,72,22,36,28,36,-0.19787730204572127,122,0.4098360655737705,0.3793103448275862,64,0.4375,0.05682268892317527,0.08694889972991102,0.5726194927175474,UNDER,True,True
total 38.5-41.5 + spread 3.5-7,2,149,117,95,76,54,41,0.08568607076173612,266,0.5601503759398496,0.5555555555555556,95,0.5684210526315789,0.05713283551916905,0.16848371748885832,0.5726194927175474,OVER,True,True
grass + either team new QB,2,181,220,99,128,82,92,-0.1239539826176254,401,0.4513715710723192,0.43612334801762115,174,0.47126436781609193,0.05760952246249667,0.06287060424787497,0.5741533306093769,UNDER,True,True
home dog + wind >=10 + non-division,3,95,124,59,74,36,50,-0.15773671908949977,219,0.4337899543378995,0.44360902255639095,86,0.4186046511627907,0.05823432889746562,0.22462992985836275,0.5768975843564469,UNDER,True,True
spread 3.5-7 + grass + 1pm ET,3,193,233,122,137,71,96,-0.1198139057151963,426,0.45305164319248825,0.47104247104247104,167,0.4251497005988024,0.05869001272019264,0.3843834331741721,0.5768975843564469,UNDER,True,True
total <=38 + outdoor,2,75,101,43,48,32,53,-0.17706638515451378,176,0.42613636363636365,0.4725274725274725,85,0.3764705882352941,0.05919615140062463,0.6752224599160568,0.576999849366528,UNDER,True,True
outdoor + grass + away off bye,3,57,80,38,51,19,29,-0.19462289688956352,137,0.41605839416058393,0.42696629213483145,48,0.3958333333333333,0.05976798194970614,0.20311681873649565,0.5793901638184628,UNDER,True,True
outdoor + weeks 1-4 + division,3,90,118,60,73,30,45,-0.16394247611440366,208,0.4326923076923077,0.45112781954887216,75,0.4,0.060930467194636795,0.29807066339153937,0.5874491782787266,UNDER,True,True
home dog + wind >=15,2,47,68,30,44,17,24,-0.20777453000452994,115,0.40869565217391307,0.40540540540540543,41,0.4146341463414634,0.06170860823922418,0.13017768031912758,0.5885541452493747,UNDER,True,True
home fav + primetime + division,3,91,119,58,77,33,42,-0.16559754462023638,210,0.43333333333333335,0.42962962962962964,75,0.44,0.06217977335749592,0.12101372565511781,0.5898765665037314,UNDER,True,True
home fav + outdoor + grass,3,601,668,369,408,232,260,-0.08168524299639748,1269,0.4736012608353034,0.4749034749034749,492,0.4715447154471545,0.06387800348280274,0.17276662446013227,0.5945800692563215,UNDER,True,True
total 38.5-41.5 + spread 3.5-7 + outdoor,3,121,93,79,62,42,31,0.09621887294278503,214,0.5654205607476636,0.5602836879432624,73,0.5753424657534246,0.06468655770375989,0.17762983675110358,0.5945800692563215,OVER,True,True
total 42-44.5 + weeks 1-4 + non-division,3,73,98,48,56,25,42,-0.16868625029034312,171,0.4269005847953216,0.46153846153846156,67,0.373134328358209,0.0661429101428119,0.4926450664865023,0.5987485096760436,UNDER,True,True
dome/closed + Thursday,2,52,34,25,21,27,13,0.16632077401747228,86,0.6046511627906976,0.5434782608695652,40,0.675,0.06615259746138927,0.6587380770236564,0.5987485096760436,OVER,True,True
home dog + either team new QB,2,121,152,60,79,61,73,-0.14014623244396318,273,0.4432234432234432,0.4316546762589928,134,0.4552238805970149,0.06922339529896071,0.1265229449726362,0.6019593093924028,UNDER,True,True
wind >=10 + grass + both off over,3,62,85,37,50,25,35,-0.18066151809967354,147,0.4217687074829932,0.42528735632183906,60,0.4166666666666667,0.06923250717353216,0.1979791406725175,0.6019593093924028,UNDER,True,True
total 42-44.5 + home fav + dome/closed,3,62,85,40,50,22,35,-0.1804399307119599,147,0.4217687074829932,0.4444444444444444,57,0.38596491228070173,0.06923250717353216,0.3428331194207878,0.6019593093924028,UNDER,True,True
home dog + primetime + weeks 13+ reg,3,35,53,20,25,15,28,-0.22403152917763403,88,0.3977272727272727,0.4444444444444444,43,0.3488372093023256,0.06934604368506445,0.5514843298025198,0.6019593093924028,UNDER,True,True
home dog + grass + weeks 1-4,3,82,108,59,67,23,41,-0.1575276744056127,190,0.43157894736842106,0.46825396825396826,64,0.359375,0.0694442006809053,0.5330527502675567,0.6019593093924028,UNDER,True,True
total 42-44.5 + spread <=3 + 1pm ET,3,97,125,63,71,34,54,-0.14976558287177424,222,0.4369369369369369,0.4701492537313433,88,0.38636363636363635,0.06972701006096359,0.5455343664798736,0.6019593093924028,UNDER,True,True
spread <=3 + wind >=15,2,51,72,34,44,17,28,-0.1970958297819562,123,0.4146341463414634,0.4358974358974359,45,0.37777777777777777,0.07090166737501422,0.3081682319436807,0.6048620083862559,UNDER,True,True
total 45-47.5 + home fav + wind >=10,3,58,80,35,54,23,26,-0.18250636906695777,138,0.42028985507246375,0.39325842696629215,49,0.46938775510204084,0.07345060421252653,0.05577832765373432,0.607407293961163,UNDER,True,True
home fav + weeks 1-4 + non-division,3,234,196,145,117,89,79,0.054962556401926384,430,0.5441860465116279,0.5534351145038168,168,0.5297619047619048,0.07425243854986144,0.09511486944573172,0.607407293961163,OVER,True,True
total 38.5-41.5 + home fav,2,234,196,140,118,94,78,0.05387643707853894,430,0.5441860465116279,0.5426356589147286,172,0.5465116279069767,0.07425243854986144,0.19097469581451937,0.607407293961163,OVER,True,True
home fav + division + both off under,3,93,120,55,75,38,45,-0.15331670427056146,213,0.43661971830985913,0.4230769230769231,83,0.4578313253012048,0.07458460791806128,0.09525341143251805,0.607407293961163,UNDER,True,True
total 48-50.5 + grass + division,3,47,67,28,40,19,27,-0.19339066222614026,114,0.41228070175438597,0.4117647058823529,46,0.41304347826086957,0.07469253007976612,0.1818100545355934,0.607407293961163,UNDER,True,True
total 38.5-41.5 + spread 3.5-7 + non-division,3,88,65,57,40,31,25,0.11579292614620083,153,0.5751633986928104,0.5876288659793815,56,0.5535714285714286,0.07496157752821145,0.10376938287271804,0.607407293961163,OVER,True,True
wind >=10 + 1pm ET + both off over,3,53,74,34,47,19,27,-0.19229047797382381,127,0.41732283464566927,0.41975308641975306,46,0.41304347826086957,0.07553055923069629,0.18207674694084314,0.607407293961163,UNDER,True,True
home dog + turf + primetime,3,53,74,27,34,26,40,-0.18670199674095653,127,0.41732283464566927,0.4426229508196721,66,0.3939393939393939,0.07553055923069629,0.4426260049464714,0.607407293961163,UNDER,True,True
primetime + division,2,147,180,90,116,57,64,-0.12958086101589672,327,0.44954128440366975,0.4368932038834951,121,0.47107438016528924,0.07663270729462975,0.08128651294164668,0.6123712736066358,UNDER,True,True
home dog + weeks 1-4 + division,3,43,62,27,35,16,27,-0.2020394385572525,105,0.4095238095238095,0.43548387096774194,43,0.37209302325581395,0.07848502733901777,0.37415171240479483,0.6130650926101285,UNDER,True,True
home fav + wind >=10 + either team new QB,3,43,62,24,32,19,30,-0.20352518201147532,105,0.4095238095238095,0.42857142857142855,49,0.3877551020408163,0.07848502733901777,0.34968195298368476,0.6130650926101285,UNDER,True,True
total 42-44.5 + spread 3.5-7 + grass,3,104,132,64,83,40,49,-0.14425705247314588,236,0.4406779661016949,0.43537414965986393,89,0.449438202247191,0.07860297621737809,0.1373777662491239,0.6130650926101285,UNDER,True,True
outdoor + division + both off under,3,113,142,62,84,51,58,-0.14083322459943573,255,0.44313725490196076,0.4246575342465753,109,0.46788990825688076,0.07932440699301477,0.08186174437673054,0.6130650926101285,UNDER,True,True
1pm ET + weeks 5-12 + both off over,3,97,124,66,73,31,51,-0.15007351037236377,221,0.43891402714932126,0.4748201438848921,82,0.3780487804878049,0.0800647248202556,0.6109736899560239,0.6130650926101285,UNDER,True,True
spread 3.5-7 + 1pm ET + either team new QB,3,68,91,38,53,30,38,-0.17089732090846046,159,0.4276729559748428,0.4175824175824176,68,0.4411764705882353,0.08070858724864134,0.14179337454474714,0.6130650926101285,UNDER,True,True
total 38.5-41.5 + non-division,2,233,196,139,116,94,80,0.05088956225539642,429,0.5431235431235432,0.5450980392156862,174,0.5402298850574713,0.08207353648523567,0.16817342430602455,0.6130650926101285,OVER,True,True
spread <=3 + 1pm ET + both off over,3,77,101,47,61,30,40,-0.16199517185349235,178,0.43258426966292135,0.4351851851851852,70,0.42857142857142855,0.0844339624789741,0.210765793978782,0.6130650926101285,UNDER,True,True
wind >=10 + grass + both off under,3,70,93,50,59,20,34,-0.1661958059806514,163,0.4294478527607362,0.45871559633027525,54,0.37037037037037035,0.0845430581843451,0.4436695012023486,0.6130650926101285,UNDER,True,True
away off bye,1,118,147,79,90,39,57,-0.1366657146952538,265,0.44528301886792454,0.46745562130177515,96,0.40625,0.08523490462986846,0.44185016848818254,0.6130650926101285,UNDER,True,True
home dog + primetime,2,128,158,71,81,57,77,-0.12891077749356752,286,0.44755244755244755,0.46710526315789475,134,0.4253731343283582,0.08620281482797962,0.4655089982676932,0.6130650926101285,UNDER,True,True
grass + primetime + division,3,86,111,54,71,32,40,-0.1576965395644356,197,0.4365482233502538,0.432,72,0.4444444444444444,0.08702126865820897,0.1521208669667595,0.6130650926101285,UNDER,True,True
total 42-44.5 + home dog + 1pm ET,3,94,120,52,60,42,60,-0.147262232950876,214,0.4392523364485981,0.4642857142857143,102,0.4117647058823529,0.08722041670227527,0.5085131799736622,0.6130650926101285,UNDER,True,True
total 45-47.5 + grass + weeks 5-12,3,111,139,67,89,44,50,-0.13881871493500983,250,0.444,0.42948717948717946,94,0.46808510638297873,0.08750233036596287,0.09237684581860012,0.6130650926101285,UNDER,True,True
weeks 5-12 + non-division + away off bye,3,65,87,44,52,21,35,-0.17282403640998217,152,0.4276315789473684,0.4583333333333333,56,0.375,0.0881746479446739,0.47515204998657296,0.6130650926101285,UNDER,True,True
total 38.5-41.5 + turf + non-division,3,95,72,47,38,48,34,0.09933886875505246,167,0.5688622754491018,0.5529411764705883,82,0.5853658536585366,0.08837580839996567,0.3856694201192796,0.6130650926101285,OVER,True,True
grass + division + both off over,3,87,112,57,72,30,40,-0.14708378446765816,199,0.4371859296482412,0.4418604651162791,70,0.42857142857142855,0.08863025090616314,0.2175612538394611,0.6130650926101285,UNDER,True,True
home fav + temp 33-45,2,150,182,91,107,59,75,-0.12268994839364059,332,0.45180722891566266,0.4595959595959596,134,0.44029850746268656,0.08872608016115141,0.2863956298917919,0.6130650926101285,UNDER,True,True
home dog + weeks 13+ reg + either team new QB,3,47,66,22,32,25,34,-0.1937653470765409,113,0.415929203539823,0.4074074074074074,59,0.423728813559322,0.08995433294496456,0.22032849417661093,0.6136987525801539,UNDER,True,True
home dog + grass + either team new QB,3,73,96,41,57,32,39,-0.16088091405051416,169,0.4319526627218935,0.41836734693877553,71,0.4507042253521127,0.09029051545852322,0.12929258395357313,0.6136987525801539,UNDER,True,True
home fav + weeks 5-12 + either team new QB,3,74,97,39,56,35,41,-0.16141995752743843,171,0.4327485380116959,0.4105263157894737,76,0.4605263157894737,0.09220360536584875,0.10017333048675525,0.6240206149555478,UNDER,True,True
spread 10+ + 1pm ET + weeks 5-12,3,48,67,30,39,18,28,-0.18824520472546824,115,0.41739130434782606,0.43478260869565216,46,0.391304347826087,0.0928159209821896,0.3355576182340152,0.6240206149555478,UNDER,True,True
division + both off over,2,144,175,91,108,53,67,-0.11977198917429163,319,0.45141065830721006,0.457286432160804,120,0.44166666666666665,0.09286439816700374,0.25665059122063877,0.6240206149555478,UNDER,True,True
spread <=3 + temp 33-45 + grass,3,43,61,25,32,18,29,-0.1951382583423233,104,0.41346153846153844,0.43859649122807015,47,0.3829787234042553,0.09504367479940816,0.42704285650325524,0.6271347927498068,UNDER,True,True
grass + non-division + either team new QB,3,108,135,58,73,50,62,-0.1360304524352233,243,0.4444444444444444,0.44274809160305345,112,0.44642857142857145,0.09513291273899531,0.22111601916299528,0.6271347927498068,UNDER,True,True
outdoor + non-division + away off bye,3,55,75,38,43,17,32,-0.18312217387223834,130,0.4230769230769231,0.4691358024691358,49,0.3469387755102041,0.09525341143251805,0.6569924675863577,0.6271347927498068,UNDER,True,True
temp 33-45,1,229,267,133,154,96,113,-0.10353009082193568,496,0.46169354838709675,0.4634146341463415,209,0.45933014354066987,0.09654471996319028,0.23772336278505415,0.6271347927498068,UNDER,True,True
total 38.5-41.5 + spread 3.5-7 + grass,3,91,69,61,47,30,22,0.10211147697530891,160,0.56875,0.5648148148148148,52,0.5769230769230769,0.09656935339177963,0.210765793978782,0.6271347927498068,OVER,True,True
total 45-47.5 + home fav + weeks 1-4,3,91,69,57,43,34,26,0.10192616677696913,160,0.56875,0.57,60,0.5666666666666667,0.09656935339177963,0.19334790449564243,0.6271347927498068,OVER,True,True
home dog + 1pm ET + both off under,3,84,108,38,49,46,59,-0.152875922387522,192,0.4375,0.4367816091954023,105,0.4380952380952381,0.096683531376212,0.2836071084054854,0.6271347927498068,UNDER,True,True
total 38.5-41.5 + spread <=3 + weeks 5-12,3,44,62,29,36,15,26,-0.19849553516803428,106,0.41509433962264153,0.4461538461538462,41,0.36585365853658536,0.09824250442243807,0.45702078541058977,0.6271347927498068,UNDER,True,True
weeks 13+ reg + non-division + either team new QB,3,50,69,20,29,30,40,-0.1811174087924344,119,0.42016806722689076,0.40816326530612246,70,0.42857142857142855,0.0985236274022573,0.2528697301676033,0.6271347927498068,UNDER,True,True
total 45-47.5 + home dog + weeks 5-12,3,70,92,44,52,26,40,-0.16043726722067653,162,0.43209876543209874,0.4583333333333333,66,0.3939393939393939,0.09866088299307307,0.47515204998657296,0.6271347927498068,UNDER,True,True
total 42-44.5 + home fav + wind >=10,3,70,92,47,59,23,33,-0.15591665346929512,162,0.43209876543209874,0.44339622641509435,56,0.4107142857142857,0.09866088299307307,0.2852844218656583,0.6271347927498068,UNDER,True,True
spread 3.5-7 + weeks 5-12 + both off over,3,63,84,39,57,24,27,-0.1667703219658724,147,0.42857142857142855,0.40625,51,0.47058823529411764,0.09870072731432859,0.08219306855694321,0.6271347927498068,UNDER,True,True
total 42-44.5 + outdoor + weeks 1-4,3,94,119,59,73,35,46,-0.14710727516484864,213,0.4413145539906103,0.44696969696969696,81,0.43209876543209874,0.09985622548649005,0.25776108784325424,0.6301683981684533,UNDER,True,True
spread 10+ + outdoor + both off under,3,39,56,22,33,17,23,-0.2033031180998133,95,0.4105263157894737,0.4,40,0.425,0.10017333048675525,0.1770013647703581,0.6301683981684533,UNDER,True,True
total 48-50.5 + non-division + both off over,3,51,70,30,36,21,34,-0.1800062000541383,121,0.4214876033057851,0.45454545454545453,55,0.38181818181818183,0.1013676535330924,0.5385827752459466,0.6335817178899362,UNDER,True,True
total 45-47.5 + home dog + outdoor,3,122,150,78,95,44,55,-0.1285921910985572,272,0.4485294117647059,0.4508670520231214,99,0.4444444444444444,0.10143021864754334,0.22370496818590435,0.6335817178899362,UNDER,True,True
total 42-44.5 + home fav,2,311,354,191,218,120,136,-0.09285819569108995,665,0.46766917293233085,0.4669926650366748,256,0.46875,0.10330717959093177,0.19851715589436691,0.640359503417287,UNDER,True,True
total 42-44.5 + dome/closed,2,98,123,57,66,41,57,-0.1413321850064413,221,0.4434389140271493,0.4634146341463415,98,0.41836734693877553,0.10622547237438358,0.47085074563938223,0.640359503417287,UNDER,True,True
home fav + division + both off over,3,90,114,57,72,33,42,-0.1413276227639194,204,0.4411764705882353,0.4418604651162791,75,0.44,0.10709882141588883,0.2175612538394611,0.640359503417287,UNDER,True,True
wind >=10 + non-division + either team new QB,3,47,65,28,35,19,30,-0.18070555138896185,112,0.41964285714285715,0.4444444444444444,49,0.3877551020408163,0.10778227965475423,0.44996253629022254,0.640359503417287,UNDER,True,True
spread 3.5-7 + outdoor + 1pm ET,3,289,330,183,202,106,128,-0.09349303353496734,619,0.4668820678513732,0.4753246753246753,234,0.452991452991453,0.1078179017409533,0.35896828640693373,0.640359503417287,UNDER,True,True
wind >=15 + grass + non-division,3,67,88,40,52,27,36,-0.1594045921556208,155,0.432258064516129,0.43478260869565216,63,0.42857142857142855,0.1078777203838762,0.2513221034748543,0.640359503417287,UNDER,True,True
1pm ET + division + both off over,3,67,88,40,54,27,34,-0.16025457598462003,155,0.432258064516129,0.425531914893617,61,0.4426229508196721,0.1078777203838762,0.17966501480803035,0.640359503417287,UNDER,True,True
outdoor + grass + primetime,3,195,229,118,130,77,99,-0.11088375985665343,424,0.45990566037735847,0.47580645161290325,176,0.4375,0.10890905992124839,0.48494012603726594,0.640359503417287,UNDER,True,True
spread 3.5-7 + 1pm ET,2,390,437,239,270,151,167,-0.083731562541105,827,0.47158403869407495,0.46954813359528486,318,0.4748427672955975,0.10963674162202672,0.1835533479793518,0.640359503417287,UNDER,True,True
spread 7.5+ + non-division + both off over,3,81,61,51,36,30,25,0.10567875661739397,142,0.5704225352112676,0.5862068965517241,55,0.5454545454545454,0.11051344647284359,0.1329018851954619,0.640359503417287,OVER,True,True
spread <=3 + grass + either team new QB,3,55,74,34,44,21,30,-0.1744620536633754,129,0.4263565891472868,0.4358974358974359,51,0.4117647058823529,0.11265741611168023,0.3081682319436807,0.640359503417287,UNDER,True,True
spread 7.5+ + temp 33-45,2,63,83,39,49,24,34,-0.15986908494929963,146,0.4315068493150685,0.4431818181818182,58,0.41379310344827586,0.11553971025192697,0.3373990368531197,0.6486311581864508,UNDER,True,True
total 38.5-41.5 + outdoor + non-division,3,187,157,115,96,72,61,0.05225391132696647,344,0.5436046511627907,0.5450236966824644,133,0.5413533834586466,0.1177887776824995,0.21518592344658025,0.6529915362773566,OVER,True,True
total 42-44.5 + spread 3.5-7 + either team new QB,3,33,48,14,25,19,23,-0.20721987759057786,81,0.4074074074074074,0.358974358974359,42,0.4523809523809524,0.1192736683117644,0.10812902140605732,0.6571164210716461,UNDER,True,True
grass + weeks 5-12 + away off bye,3,58,77,37,50,21,27,-0.16793865319429316,135,0.42962962962962964,0.42528735632183906,48,0.4375,0.12101372565511781,0.1979791406725175,0.6578303218120832,UNDER,True,True
total 42-44.5 + 1pm ET + non-division,3,173,204,107,126,66,78,-0.1073531387445875,377,0.4588859416445623,0.4592274678111588,144,0.4583333333333333,0.12221269202173575,0.2382460977423,0.6578303218120832,UNDER,True,True
outdoor + non-division + either team new QB,3,139,167,72,86,67,81,-0.1165508088227765,306,0.4542483660130719,0.45569620253164556,148,0.4527027027027027,0.12257176537414814,0.30101553819656784,0.6578303218120832,UNDER,True,True
temp 33-45 + weeks 5-12,2,66,86,46,54,20,32,-0.157398940007874,152,0.4342105263157895,0.46,52,0.38461538461538464,0.12300910631534777,0.48411841360729163,0.6578303218120832,UNDER,True,True
spread 3.5-7 + wind >=10 + non-division,3,109,134,73,84,36,50,-0.12993321348320439,243,0.448559670781893,0.46496815286624205,86,0.4186046511627907,0.12348131946059558,0.4249115601338557,0.6578303218120832,UNDER,True,True
spread <=3 + weeks 13+ reg,2,190,222,108,128,82,94,-0.10499301104044592,412,0.46116504854368934,0.4576271186440678,176,0.4659090909090909,0.12659399626492848,0.21607809408138468,0.6683861588511403,UNDER,True,True
dome/closed + non-division + either team new QB,3,47,64,19,30,28,34,-0.17580844765491993,111,0.42342342342342343,0.3877551020408163,62,0.45161290322580644,0.12847543208575976,0.15240777196147803,0.6701078140489025,UNDER,True,True
total 42-44.5 + spread <=3 + weeks 1-4,3,47,64,31,40,16,24,-0.1750828202270027,111,0.42342342342342343,0.43661971830985913,40,0.4,0.12847543208575976,0.34247099841986794,0.6701078140489025,UNDER,True,True
spread 3.5-7 + dome/closed + both off over,3,41,57,21,29,20,28,-0.18702098242924284,98,0.41836734693877553,0.42,48,0.4166666666666667,0.12929258395357313,0.3222363203575469,0.6701078140489025,UNDER,True,True
total 45-47.5 + outdoor + weeks 5-12,3,146,174,90,110,56,64,-0.11513127489938321,320,0.45625,0.45,120,0.4666666666666667,0.13108217841061764,0.17896403953325157,0.6701434711828118,UNDER,True,True
total 38.5-41.5 + wind >=10 + grass,3,62,81,43,53,19,28,-0.15906217930485125,143,0.43356643356643354,0.4479166666666667,47,0.40425531914893614,0.13197859831859368,0.3583976321916263,0.6720964875562194,UNDER,True,True
Monday,1,125,151,73,81,52,70,-0.12177683764480803,276,0.4528985507246377,0.474025974025974,122,0.4262295081967213,0.1322219132790984,0.5728459689997074,0.6720964875562194,UNDER,True,True
spread 7.5+ + outdoor + weeks 5-12,3,127,153,78,90,49,63,-0.11634536293082991,280,0.45357142857142857,0.4642857142857143,112,0.4375,0.1350232075087503,0.3961333413963789,0.6802029094814809,UNDER,True,True
home dog + non-division + either team new QB,3,71,91,33,40,38,51,-0.1504586783425547,162,0.4382716049382716,0.4520547945205479,89,0.42696629213483145,0.13524792193400165,0.48278855684402133,0.6802029094814809,UNDER,True,True
home fav + wind >=10 + both off over,3,49,66,34,38,15,28,-0.16614624283070895,115,0.4260869565217391,0.4722222222222222,43,0.3488372093023256,0.13535040983481553,0.7239481457469141,0.6802029094814809,UNDER,True,True
spread 3.5-7 + 1pm ET + non-division,3,245,280,152,173,93,107,-0.09376235437742067,525,0.4666666666666667,0.4676923076923077,200,0.465,0.13776524412234198,0.2672296304683127,0.6847991656569009,UNDER,True,True
temp 33-45 + non-division,2,129,155,76,90,53,65,-0.11869214031455859,284,0.45422535211267606,0.4578313253012048,118,0.4491525423728814,0.1378090767415522,0.3129742113064479,0.6847991656569009,UNDER,True,True
home fav + temp 33-45 + non-division,3,81,102,49,58,32,44,-0.14105067661545995,183,0.4426229508196721,0.45794392523364486,76,0.42105263157894735,0.13907617727643098,0.4394401017790823,0.6872455111097174,UNDER,True,True
non-division + away off bye,2,81,102,51,59,30,43,-0.14386186605024928,183,0.4426229508196721,0.4636363636363636,73,0.410958904109589,0.13907617727643098,0.5046848075879904,0.6872455111097174,UNDER,True,True
wind >=15 + weeks 5-12,2,65,84,41,54,24,30,-0.15681386048683374,149,0.436241610738255,0.43157894736842106,54,0.4444444444444444,0.14005540740614833,0.21805368187049967,0.6873978484538343,UNDER,True,True
1pm ET + both off over,2,219,252,134,155,85,97,-0.09794599399510272,471,0.46496815286624205,0.46366782006920415,182,0.46703296703296704,0.1402694594928343,0.23935534478724338,0.6873978484538343,UNDER,True,True
grass + away off bye,2,66,85,40,54,26,31,-0.15364801145694634,151,0.4370860927152318,0.425531914893617,57,0.45614035087719296,0.14271807618296573,0.17966501480803035,0.6936489510920033,UNDER,True,True
spread <=3 + weeks 1-4 + division,3,52,69,35,40,17,29,-0.16309473293036897,121,0.4297520661157025,0.4666666666666667,46,0.3695652173913043,0.1454865204345052,0.6444639138942256,0.6970915290861526,UNDER,True,True
spread 10+ + either team new QB,2,46,62,23,32,23,30,-0.1700964906139932,108,0.42592592592592593,0.41818181818181815,53,0.4339622641509434,0.1485763476105624,0.2806097176983541,0.7052712884671848,UNDER,True,True
home fav + non-division + either team new QB,3,115,139,58,75,57,64,-0.11764958291943475,254,0.452755905511811,0.43609022556390975,121,0.47107438016528924,0.1488345552239971,0.16508338915578696,0.7052712884671848,UNDER,True,True
spread 3.5-7 + 1pm ET + weeks 13+ reg,3,117,141,71,90,46,51,-0.12072209448773247,258,0.45348837209302323,0.4409937888198758,97,0.4742268041237113,0.15202865125192022,0.15579990059835055,0.7080373503298225,UNDER,True,True
total 48-50.5 + home fav + grass,3,88,109,57,65,31,44,-0.13229584602172745,197,0.4467005076142132,0.4672131147540984,75,0.41333333333333333,0.1539951547292863,0.5264163099662327,0.7080373503298225,UNDER,True,True
total <=38 + outdoor + weeks 13+ reg,3,35,49,18,21,17,28,-0.19469543960020563,84,0.4166666666666667,0.46153846153846156,45,0.37777777777777777,0.15565646371399705,0.7492586247608418,0.7080373503298225,UNDER,True,True
dome/closed + weeks 5-12 + either team new QB,3,35,49,13,22,22,27,-0.18980554514101008,84,0.4166666666666667,0.37142857142857144,49,0.4489795918367347,0.15565646371399705,0.175465248990804,0.7080373503298225,UNDER,True,True
spread 3.5-7 + wind >=10 + weeks 13+ reg,3,48,64,30,40,18,24,-0.16305976855235282,112,0.42857142857142855,0.42857142857142855,42,0.42857142857142855,0.1560663019937673,0.281978921793656,0.7080476433144213,UNDER,True,True
spread 10+ + outdoor + either team new QB,3,36,50,18,25,18,25,-0.18274975153138143,86,0.4186046511627907,0.4186046511627907,43,0.4186046511627907,0.16057841913397977,0.3603776529357674,0.7103893155702746,UNDER,True,True
total 38.5-41.5 + wind >=10 + non-division,3,57,74,38,47,19,27,-0.15686058712819567,131,0.4351145038167939,0.4470588235294118,46,0.41304347826086957,0.16188152458394667,0.3856694201192796,0.7123910001592032,UNDER,True,True
total 45-47.5 + non-division + both off under,3,83,65,51,39,32,26,0.0845989050323627,148,0.5608108108108109,0.5666666666666667,58,0.5517241379310345,0.16207156803057052,0.24610644971627782,0.7123910001592032,OVER,True,True
total 38.5-41.5 + turf + weeks 5-12,3,58,43,31,21,27,22,0.11100336096281549,101,0.5742574257425742,0.5961538461538461,49,0.5510204081632653,0.16327926185142783,0.21160856876151612,0.7123910001592032,OVER,True,True
wind >=15 + 1pm ET,2,93,114,60,76,33,38,-0.12990530488060986,207,0.4492753623188406,0.4411764705882353,71,0.4647887323943662,0.1643417832029366,0.19818134136296864,0.7123910001592032,UNDER,True,True
total 38.5-41.5 + home fav + non-division,3,137,114,82,65,55,49,0.05672883915121216,251,0.545816733067729,0.5578231292517006,104,0.5288461538461539,0.16481613282309351,0.186765369812017,0.7123910001592032,OVER,True,True
grass + non-division + away off bye,3,44,59,26,34,18,25,-0.17623097036799093,103,0.42718446601941745,0.43333333333333335,43,0.4186046511627907,0.1674443344120586,0.36629400670329104,0.7123910001592032,UNDER,True,True
home dog + outdoor + primetime,3,86,106,51,57,35,49,-0.12814751887202744,192,0.4479166666666667,0.4722222222222222,84,0.4166666666666667,0.17014785959635734,0.6306338345308321,0.7141676238602161,UNDER,True,True
total 45-47.5 + wind >=10 + non-division,3,68,86,42,56,26,30,-0.14293306050875496,154,0.44155844155844154,0.42857142857142855,56,0.4642857142857143,0.17051654860818807,0.18884671980890286,0.7141676238602161,UNDER,True,True
home dog + 1pm ET + both off over,3,77,96,42,53,35,43,-0.14033159589712976,173,0.44508670520231214,0.4421052631578947,78,0.44871794871794873,0.17097186370126674,0.30488519070227593,0.7141676238602161,UNDER,True,True
spread 3.5-7 + dome/closed + weeks 1-4,3,61,46,31,25,30,21,0.10886753879051286,107,0.5700934579439252,0.5535714285714286,51,0.5882352941176471,0.17564027334487992,0.5044037600228255,0.7172416760754449,OVER,True,True
total 48-50.5 + spread <=3 + grass,3,54,70,31,44,23,26,-0.15215877959436133,124,0.43548387096774194,0.41333333333333333,49,0.46938775510204084,0.17773167761166417,0.16542794172425662,0.7172416760754449,UNDER,True,True
Monday + weeks 5-12,2,54,70,33,40,21,30,-0.15268030815780143,124,0.43548387096774194,0.4520547945205479,51,0.4117647058823529,0.17773167761166417,0.48278855684402133,0.7172416760754449,UNDER,True,True
spread 3.5-7 + non-division + either team new QB,3,71,89,37,44,34,45,-0.13771330420772354,160,0.44375,0.4567901234567901,79,0.43037974683544306,0.17877726804917515,0.5052364407669357,0.7172416760754449,UNDER,True,True
spread <=3 + outdoor + weeks 13+ reg,3,136,160,85,99,51,61,-0.10720519303262499,296,0.4594594594594595,0.46195652173913043,112,0.45535714285714285,0.181175894177898,0.3378942799553425,0.7172416760754449,UNDER,True,True
total 45-47.5 + home dog + 1pm ET,3,93,113,56,67,37,46,-0.12472645782321984,206,0.45145631067961167,0.45528455284552843,83,0.4457831325301205,0.18543871014096427,0.3672967393938885,0.7172416760754449,UNDER,True,True
home fav + wind >=15,2,93,113,57,71,36,42,-0.12352524603437569,206,0.45145631067961167,0.4453125,78,0.46153846153846156,0.18543871014096427,0.25043988061925965,0.7172416760754449,UNDER,True,True
weeks 13+ reg + division + both off over,3,65,82,36,43,29,39,-0.1377659386951841,147,0.4421768707482993,0.45569620253164556,68,0.4264705882352941,0.186765369812017,0.499896876860327,0.7172416760754449,UNDER,True,True
total 42-44.5 + 1pm ET + weeks 1-4,3,65,82,38,52,27,30,-0.13839134281289533,147,0.4421768707482993,0.4222222222222222,57,0.47368421052631576,0.186765369812017,0.17024239504607366,0.7172416760754449,UNDER,True,True
home fav + grass + primetime,3,140,164,83,92,57,72,-0.11275689346968888,304,0.4605263157894737,0.4742857142857143,129,0.4418604651162791,0.187033011643932,0.5454726578478974,0.7172416760754449,UNDER,True,True
home fav + turf + weeks 5-12,3,257,227,158,138,99,89,0.03240537875005899,484,0.53099173553719,0.5337837837837838,188,0.526595744680851,0.18738688777929577,0.2694111613369992,0.7172416760754449,OVER,True,True
total 45-47.5 + non-division + either team new QB,3,35,48,16,25,19,23,-0.17703658526852983,83,0.42168674698795183,0.3902439024390244,42,0.4523809523809524,0.18745986796619285,0.21102359760880063,0.7172416760754449,UNDER,True,True
outdoor + playoffs + non-division,3,49,64,30,35,19,29,-0.1544420710366782,113,0.4336283185840708,0.46153846153846156,48,0.3958333333333333,0.1875987247457759,0.6201447650813029,0.7172416760754449,UNDER,True,True
spread <=3 + division + both off over,3,49,64,30,39,19,25,-0.15253570635613378,113,0.4336283185840708,0.43478260869565216,44,0.4318181818181818,0.1875987247457759,0.3355576182340152,0.7172416760754449,UNDER,True,True
total 51+ + home dog,2,66,83,36,43,30,40,-0.13629680515194034,149,0.4429530201342282,0.45569620253164556,70,0.42857142857142855,0.1897585579067378,0.499896876860327,0.718397084655305,UNDER,True,True
home dog + away off bye,2,50,65,29,38,21,27,-0.16046519826972555,115,0.43478260869565216,0.43283582089552236,48,0.4375,0.19149593512028162,0.3284320626971897,0.718397084655305,UNDER,True,True
total 51+ + grass,2,86,105,44,57,42,48,-0.1201829424571611,191,0.450261780104712,0.43564356435643564,90,0.4666666666666667,0.19263362197418868,0.23230046428473874,0.718397084655305,UNDER,True,True
spread 7.5+ + dome/closed + weeks 13+ reg,3,49,36,26,19,23,17,0.11612387288962582,85,0.5764705882352941,0.5777777777777777,40,0.575,0.19276043534155876,0.3712980344710104,0.718397084655305,OVER,True,True
home fav + outdoor + Thursday,3,51,66,32,38,19,28,-0.16699581115778764,117,0.4358974358974359,0.45714285714285713,47,0.40425531914893614,0.1953490594045784,0.5504125118224712,0.721530443324364,UNDER,True,True
wind >=10 + weeks 13+ reg + non-division,3,68,85,40,49,28,36,-0.13667758228366716,153,0.4444444444444444,0.449438202247191,64,0.4375,0.19566754746910364,0.39657015814551605,0.721530443324364,UNDER,True,True
outdoor + grass + home off bye,3,68,85,42,47,26,38,-0.1362759479850006,153,0.4444444444444444,0.47191011235955055,64,0.40625,0.19566754746910364,0.6718086491746105,0.721530443324364,UNDER,True,True
weeks 5-12 + non-division + either team new QB,3,88,107,46,58,42,49,-0.12198931858668847,195,0.4512820512820513,0.4423076923076923,91,0.46153846153846156,0.1972698890617332,0.280690329034179,0.7228773387648244,UNDER,True,True
turf + non-division + either team new QB,3,78,96,33,43,45,53,-0.12714831775542082,174,0.4482758620689655,0.4342105263157895,98,0.45918367346938777,0.19733841594358534,0.3018724904870079,0.7228773387648244,UNDER,True,True
grass + weeks 13+ reg + either team new QB,3,70,87,34,45,36,42,-0.134465481973434,157,0.445859872611465,0.43037974683544306,78,0.46153846153846156,0.20147423241002965,0.2604255258972435,0.7304584322089932,UNDER,True,True
grass + weeks 1-4 + division,3,70,87,47,55,23,32,-0.14008683964016294,157,0.445859872611465,0.46078431372549017,55,0.41818181818181815,0.20147423241002965,0.48843446453263245,0.7304584322089932,UNDER,True,True
total 51+ + home dog + non-division,3,46,60,24,28,22,32,-0.16039364767946498,106,0.4339622641509434,0.46153846153846156,54,0.4074074074074074,0.20649820735970992,0.6778086391424605,0.7385641529357366,UNDER,True,True
total 48-50.5 + weeks 5-12 + division,3,39,52,21,30,18,22,-0.16298950371812856,91,0.42857142857142855,0.4117647058823529,40,0.45,0.20817442238117576,0.2624375357110438,0.7430277257033615,UNDER,True,True
total 42-44.5 + home fav + weeks 1-4,3,83,101,56,63,27,38,-0.1286693206165471,184,0.45108695652173914,0.47058823529411764,65,0.4153846153846154,0.20999553888817196,0.5824937911572257,0.7450641719752342,UNDER,True,True
total 38.5-41.5 + 1pm ET,2,214,188,129,115,85,73,0.030808793209769782,402,0.5323383084577115,0.5286885245901639,158,0.5379746835443038,0.21238669621263562,0.4053238859067226,0.7490536761057963,OVER,True,True
spread <=3 + primetime + division,3,56,71,37,44,19,27,-0.14141546302616126,127,0.4409448818897638,0.4567901234567901,46,0.41304347826086957,0.21396515403542085,0.5052364407669357,0.7501466072309024,UNDER,True,True
total 48-50.5 + both off under,2,56,71,33,43,23,28,-0.1365164403997442,127,0.4409448818897638,0.4342105263157895,51,0.45098039215686275,0.21396515403542085,0.3018724904870079,0.7501466072309024,UNDER,True,True
total 42-44.5 + temp 33-45 + weeks 13+ reg,3,41,54,20,28,21,26,-0.1649387658766537,95,0.43157894736842106,0.4166666666666667,47,0.44680851063829785,0.21805368187049967,0.31232680747326935,0.7527203923013989,UNDER,True,True
spread 3.5-7 + 1pm ET + both off over,3,76,93,47,57,29,36,-0.12666785963244329,169,0.44970414201183434,0.4519230769230769,65,0.4461538461538462,0.21829362198505048,0.37758392329809853,0.7527203923013989,UNDER,True,True
grass + weeks 5-12 + either team new QB,3,76,93,46,60,30,33,-0.1291313664318733,169,0.44970414201183434,0.4339622641509434,63,0.47619047619047616,0.21829362198505048,0.20649820735970992,0.7527203923013989,UNDER,True,True
total 42-44.5 + 1pm ET + division,3,99,118,57,70,42,48,-0.11460148520864025,217,0.45622119815668205,0.44881889763779526,90,0.4666666666666667,0.2216513317679812,0.28691460720309875,0.7590916265567542,UNDER,True,True
home dog + wind >=10 + division,3,59,74,38,49,21,25,-0.14038371082529008,133,0.44360902255639095,0.4367816091954023,46,0.45652173913043476,0.22462992985836275,0.2836071084054854,0.7663336453244914,UNDER,True,True
grass + non-division + home off bye,3,51,65,28,36,23,29,-0.14428238575587982,116,0.4396551724137931,0.4375,52,0.4423076923076923,0.22727494633160847,0.3817327947933377,0.7703650807568168,UNDER,True,True
dome/closed + 1pm ET + weeks 1-4,3,76,61,45,36,31,25,0.07698210352834692,137,0.5547445255474452,0.5555555555555556,56,0.5535714285714286,0.23153716588439494,0.37417441760470777,0.7768089675771062,OVER,True,True
total 48-50.5 + outdoor + grass,3,131,152,82,96,49,56,-0.09930890401695135,283,0.4628975265017668,0.4606741573033708,105,0.4666666666666667,0.23443178148621774,0.329875476493028,0.7768089675771062,UNDER,True,True
dome/closed + grass + weeks 5-12,3,49,37,23,19,26,18,0.09800084542598393,86,0.5697674418604651,0.5476190476190477,44,0.5909090909090909,0.2353798622110552,0.6439689563703723,0.7768089675771062,OVER,True,True
home dog + dome/closed + grass,3,58,45,25,22,33,23,0.08875294972033622,103,0.5631067961165048,0.5319148936170213,56,0.5892857142857143,0.23690187778029245,0.7708669945730263,0.7777582565138953,OVER,True,True
spread 7.5+ + outdoor + weeks 1-4,3,68,54,40,34,28,20,0.07530060366325736,122,0.5573770491803278,0.5405405405405406,48,0.5833333333333334,0.23908881247691507,0.5613807442989817,0.7777582565138953,OVER,True,True
temp <=32 + grass,2,57,71,32,43,25,28,-0.13021755242645702,128,0.4453125,0.4266666666666667,53,0.4716981132075472,0.25043988061925965,0.24804574189252784,0.7922194671954748,UNDER,True,True
spread 3.5-7 + outdoor + turf,3,178,156,110,95,68,61,0.033006142527919745,334,0.5329341317365269,0.5365853658536586,129,0.5271317829457365,0.2504901076410729,0.3281819596032335,0.7922194671954748,OVER,True,True
home fav + 1pm ET + both off under,3,162,141,104,92,58,49,0.03608787574179969,303,0.5346534653465347,0.5306122448979592,107,0.5420560747663551,0.2505271257591101,0.43211123425427017,0.7922194671954748,OVER,True,True
dome/closed + turf + either team new QB,3,67,82,25,34,42,48,-0.12874669931208985,149,0.44966442953020136,0.423728813559322,90,0.4666666666666667,0.25133111748209397,0.2975952082844287,0.7933476911267522,UNDER,True,True
total 45-47.5 + home dog + division,3,59,73,34,42,25,31,-0.13033355875538427,132,0.44696969696969696,0.4473684210526316,56,0.44642857142857145,0.25776108784325424,0.42219110499231566,0.8028686879522049,UNDER,True,True
temp 33-45 + grass + weeks 13+ reg,3,80,96,43,49,37,47,-0.11677216146602161,176,0.45454545454545453,0.4673913043478261,84,0.44047619047619047,0.2581337612839642,0.6024122776961505,0.8028686879522049,UNDER,True,True
grass + Monday,2,71,86,41,49,30,37,-0.12331686144579503,157,0.45222929936305734,0.45555555555555555,67,0.44776119402985076,0.2637957455981229,0.46079247271897145,0.8036690684765609,UNDER,True,True
spread 3.5-7 + away off bye,2,43,55,23,29,20,26,-0.15214999394229486,98,0.4387755102040816,0.4423076923076923,46,0.43478260869565216,0.2664055944111917,0.48845566937989204,0.8036690684765609,UNDER,True,True
temp 33-45 + weeks 13+ reg + division,3,72,87,42,50,30,37,-0.11741177661889285,159,0.4528301886792453,0.45652173913043476,67,0.44776119402985076,0.26682526360032166,0.4657074457730625,0.8036690684765609,UNDER,True,True
total <=38 + home fav + outdoor,3,52,65,30,35,22,30,-0.1413819639536999,117,0.4444444444444444,0.46153846153846156,52,0.4230769230769231,0.2671823049903962,0.6201447650813029,0.8036690684765609,UNDER,True,True
wind >=15 + non-division,2,96,113,60,69,36,44,-0.10906753964154421,209,0.45933014354066987,0.46511627906976744,80,0.45,0.268363158192938,0.4813541052575654,0.8036690684765609,UNDER,True,True
total 48-50.5 + outdoor + division,3,62,76,41,50,21,26,-0.12170122015867242,138,0.4492753623188406,0.45054945054945056,47,0.44680851063829785,0.2683899720088745,0.40181279606987963,0.8036690684765609,UNDER,True,True
total 48-50.5 + division,2,97,114,57,70,40,44,-0.10356338020462842,211,0.4597156398104265,0.44881889763779526,84,0.47619047619047616,0.2706461520303747,0.28691460720309875,0.8036690684765609,UNDER,True,True
total 45-47.5 + grass + both off under,3,66,53,43,33,23,20,0.07375093867063254,119,0.5546218487394958,0.5657894736842105,43,0.5348837209302325,0.27124833775940516,0.3018724904870079,0.8036690684765609,OVER,True,True
spread <=3 + wind >=10 + weeks 13+ reg,3,44,56,25,28,19,28,-0.14940078048078217,100,0.44,0.4716981132075472,47,0.40425531914893614,0.27125302407383545,0.7838463022094988,0.8036690684765609,UNDER,True,True
home dog + wind >=10 + weeks 5-12,3,77,92,48,56,29,36,-0.11698005253446787,169,0.4556213017751479,0.46153846153846156,65,0.4461538461538462,0.28147844170582365,0.4926450664865023,0.8185946812887396,UNDER,True,True
total 48-50.5 + 1pm ET + weeks 5-12,3,68,82,38,48,30,34,-0.11431963799081046,150,0.4533333333333333,0.4418604651162791,64,0.46875,0.2884557489907642,0.3318343545999156,0.8240265679703956,UNDER,True,True
total 38.5-41.5 + home dog + non-division,3,95,80,56,49,39,31,0.049587162254994765,175,0.5428571428571428,0.5333333333333333,70,0.5571428571428572,0.2898925237752056,0.5583942911655911,0.8251830821748005,OVER,True,True
total 38.5-41.5 + turf + 1pm ET,3,96,81,53,48,43,33,0.048815133205731755,177,0.5423728813559322,0.5247524752475248,76,0.5657894736842105,0.29263710818802957,0.6908264239959597,0.8279716585734681,OVER,True,True
home dog + outdoor + both off under,3,125,143,69,78,56,65,-0.0979340090858166,268,0.4664179104477612,0.46938775510204084,121,0.4628099173553719,0.299054060779471,0.5095015886349891,0.8282305767840059,UNDER,True,True
spread 10+ + weeks 13+ reg + non-division,3,52,41,28,22,24,19,0.08499112697750338,93,0.5591397849462365,0.56,43,0.5581395348837209,0.29973169689703033,0.47988766169832786,0.8282305767840059,OVER,True,True
spread 10+ + grass + non-division,3,73,87,43,49,30,38,-0.10872153953886711,160,0.45625,0.4673913043478261,68,0.4411764705882353,0.30405987771541065,0.6024122776961505,0.8321020435474423,UNDER,True,True
total 45-47.5 + weeks 1-4,2,130,113,77,68,53,45,0.038446346527044976,243,0.5349794238683128,0.5310344827586206,98,0.5408163265306123,0.3046948516655969,0.5065964185708862,0.8321020435474423,OVER,True,True
wind >=10 + both off over,2,86,101,54,61,32,40,-0.10459591350434343,187,0.45989304812834225,0.46956521739130436,72,0.4444444444444444,0.3059296433011418,0.5760121204363974,0.8323913914359288,UNDER,True,True
grass + primetime + both off over,3,55,44,29,24,26,20,0.07480467198229877,99,0.5555555555555556,0.5471698113207547,46,0.5652173913043478,0.3148798910376227,0.5831321542611763,0.8374083701106818,OVER,True,True
spread 7.5+ + wind >=10 + non-division,3,65,78,41,50,24,28,-0.1123794187130414,143,0.45454545454545453,0.45054945054945056,52,0.46153846153846156,0.3156248974433412,0.40181279606987963,0.8374083701106818,UNDER,True,True
grass + home off bye,2,77,91,46,51,31,40,-0.1095289814083543,168,0.4583333333333333,0.4742268041237113,71,0.43661971830985913,0.3158749116129902,0.6848587772144039,0.8374083701106818,UNDER,True,True
total 38.5-41.5 + wind >=10,2,91,106,60,69,31,37,-0.1045396159377849,197,0.4619289340101523,0.46511627906976744,68,0.45588235294117646,0.3185443080515233,0.4813541052575654,0.8374083701106818,UNDER,True,True
1pm ET + division + both off under,3,78,92,45,51,33,41,-0.11144327204334381,170,0.4588235294117647,0.46875,74,0.44594594594594594,0.3187412841052538,0.6100682661051773,0.8374083701106818,UNDER,True,True
home dog + temp 33-45 + 1pm ET,3,45,56,26,35,19,21,-0.13569042631993763,101,0.44554455445544555,0.4262295081967213,40,0.475,0.31972732070026555,0.30567741986311836,0.8374083701106818,UNDER,True,True
primetime + weeks 13+ reg,2,106,122,55,65,51,57,-0.10092958466860683,228,0.4649122807017544,0.4583333333333333,108,0.4722222222222222,0.3205187617278201,0.4114232202639375,0.8374083701106818,UNDER,True,True
weeks 5-12 + division + both off under,3,57,69,32,37,25,32,-0.12337594615722557,126,0.4523809523809524,0.463768115942029,57,0.43859649122807015,0.32712296721677875,0.6304564917867981,0.8447557020864318,UNDER,True,True
home dog + dome/closed + weeks 5-12,3,85,72,39,33,46,39,0.047447031589465435,157,0.5414012738853503,0.5416666666666666,85,0.5411764705882353,0.33823533079501195,0.555997717760971,0.8602446385680322,OVER,True,True
total 42-44.5 + spread 7.5+ + non-division,3,74,87,43,49,31,38,-0.10328648103282745,161,0.45962732919254656,0.4673913043478261,69,0.4492753623188406,0.3443135145965885,0.6024122776961505,0.8602446385680322,UNDER,True,True
spread 3.5-7 + wind >=15,2,51,62,34,39,17,23,-0.1244899570741263,113,0.45132743362831856,0.4657534246575342,40,0.425,0.34689310509533494,0.6399729317539425,0.8602446385680322,UNDER,True,True
total <=38 + home fav + grass,3,41,51,20,23,21,28,-0.13958915173174907,92,0.44565217391304346,0.46511627906976744,49,0.42857142857142855,0.3481412903192068,0.7607916425613439,0.8602446385680322,UNDER,True,True
total 42-44.5 + spread <=3 + weeks 13+ reg,3,42,52,23,28,19,24,-0.13527731900565504,94,0.44680851063829785,0.45098039215686275,43,0.4418604651162791,0.3533280324715825,0.5758493477318467,0.8657512839842367,UNDER,True,True
home dog + dome/closed + primetime,3,42,52,20,24,22,28,-0.13046909717921187,94,0.44680851063829785,0.45454545454545453,50,0.44,0.3533280324715825,0.651587827208914,0.8657512839842367,UNDER,True,True
spread 7.5+ + grass + non-division,3,142,159,80,90,62,69,-0.0818352250204764,301,0.4717607973421927,0.47058823529411764,131,0.4732824427480916,0.3564319095188921,0.49013856710390047,0.8661853959680396,UNDER,True,True
total 45-47.5 + spread <=3 + division,3,54,65,34,40,20,25,-0.11772605709836056,119,0.453781512605042,0.4594594594594595,45,0.4444444444444444,0.3593582639051107,0.5613807442989817,0.8661853959680396,UNDER,True,True
total 48-50.5 + turf + weeks 5-12,3,66,78,36,43,30,35,-0.10551488408715899,144,0.4583333333333333,0.45569620253164556,65,0.46153846153846156,0.3593644032877548,0.499896876860327,0.8661853959680396,UNDER,True,True
total 38.5-41.5 + home fav + wind >=10,3,55,66,36,42,19,24,-0.12038801849513617,121,0.45454545454545453,0.46153846153846156,43,0.4418604651162791,0.3633632605480972,0.5715867180030723,0.8687418116069062,UNDER,True,True
total 48-50.5 + dome/closed + non-division,3,85,73,41,36,44,37,0.04661609828319426,158,0.5379746835443038,0.5324675324675324,81,0.5432098765432098,0.38157344546443395,0.6487911623106449,0.8797620831203402,OVER,True,True
total 38.5-41.5 + spread 3.5-7 + turf,3,58,48,34,29,24,19,0.061124715676019806,106,0.5471698113207547,0.5396825396825397,43,0.5581395348837209,0.38212581052922,0.6146550157654618,0.8797620831203402,OVER,True,True
total 38.5-41.5 + wind >=10 + 1pm ET,3,61,72,42,47,19,25,-0.11108706466643492,133,0.45864661654135336,0.47191011235955055,44,0.4318181818181818,0.38595875434107874,0.6718086491746105,0.8823335440735485,UNDER,True,True
spread 7.5+ + both off over,2,120,106,74,67,46,39,0.030277651279257536,226,0.5309734513274337,0.524822695035461,85,0.5411764705882353,0.38722282807685876,0.6135127096954125,0.8829476825300095,OVER,True,True
spread <=3 + dome/closed + grass,3,42,51,20,25,22,26,-0.12340526250664378,93,0.45161290322580644,0.4444444444444444,48,0.4583333333333333,0.40692436804613397,0.5514843298025198,0.8963324287713214,UNDER,True,True
total 38.5-41.5 + home dog + outdoor,3,113,100,68,61,45,39,0.027048511352131727,213,0.5305164319248826,0.5271317829457365,84,0.5357142857142857,0.4110085478613014,0.5974849993058737,0.8984340385956481,OVER,True,True
home fav + temp 33-45 + division,3,69,80,42,49,27,31,-0.10046380370406982,149,0.46308724832214765,0.46153846153846156,58,0.46551724137931033,0.41274255882414196,0.5296020954762445,0.8984340385956481,UNDER,True,True
total 45-47.5 + primetime + weeks 5-12,3,44,53,26,30,18,23,-0.11980637694799015,97,0.4536082474226804,0.4642857142857143,41,0.43902439024390244,0.4167748410890994,0.6888797607233395,0.8987964362174569,UNDER,True,True
grass + 1pm ET + both off under,3,122,136,69,77,53,59,-0.08340455139663037,258,0.4728682170542636,0.4726027397260274,112,0.4732142857142857,0.41836962010868556,0.56252094230485,0.8996214619064342,UNDER,True,True
spread 7.5+ + non-division + both off under,3,61,71,35,41,26,30,-0.10185899602009969,132,0.4621212121212121,0.4605263157894737,56,0.4642857142857143,0.43353726974233275,0.566573442398685,0.9058961054743742,UNDER,True,True
temp 33-45 + both off under,2,61,71,31,37,30,34,-0.10875793933250295,132,0.4621212121212121,0.45588235294117646,64,0.46875,0.43353726974233275,0.5446122234192592,0.9058961054743742,UNDER,True,True
total 45-47.5 + 1pm ET + weeks 1-4,3,71,61,41,36,30,25,0.04467500703742376,132,0.5378787878787878,0.5324675324675324,55,0.5454545454545454,0.43353726974233275,0.6487911623106449,0.9058961054743742,OVER,True,True
total 42-44.5 + spread 3.5-7 + weeks 1-4,3,48,57,28,31,20,26,-0.11030503315427947,105,0.45714285714285713,0.4745762711864407,46,0.43478260869565216,0.43511449489230103,0.794843653982861,0.9058961054743742,UNDER,True,True
total <=38 + outdoor + non-division,3,48,57,26,29,22,28,-0.11699127509485198,105,0.45714285714285713,0.4727272727272727,50,0.44,0.43511449489230103,0.7877061896700431,0.9058961054743742,UNDER,True,True
spread <=3 + temp 33-45 + weeks 13+ reg,3,50,59,27,31,23,28,-0.10856177386399665,109,0.45871559633027525,0.46551724137931033,51,0.45098039215686275,0.4436695012023486,0.6940040940761318,0.9058961054743742,UNDER,True,True
temp 33-45 + division,2,100,112,57,64,43,48,-0.08370814538433233,212,0.4716981132075472,0.47107438016528924,91,0.4725274725274725,0.4500368401975953,0.5856255178555005,0.9088149811927244,UNDER,True,True
spread 3.5-7 + temp 33-45 + grass,3,52,61,29,34,23,27,-0.1094482868977861,113,0.46017699115044247,0.4603174603174603,50,0.46,0.4518532686657418,0.6146550157654618,0.9088149811927244,UNDER,True,True
total 48-50.5 + spread <=3 + dome/closed,3,48,40,21,19,27,21,0.061280101593136106,88,0.5454545454545454,0.525,48,0.5625,0.45574127943791265,0.8746293123804207,0.9098870616046437,OVER,True,True
grass + Saturday,2,40,48,20,23,20,25,-0.11516518873280557,88,0.45454545454545453,0.46511627906976744,45,0.4444444444444444,0.45574127943791265,0.7607916425613439,0.9098870616046437,UNDER,True,True
spread <=3 + outdoor + either team new QB,3,68,78,40,47,28,31,-0.09527260103918338,146,0.4657534246575342,0.45977011494252873,59,0.4745762711864407,0.4564822349651257,0.5202915935750735,0.9098870616046437,UNDER,True,True
total 48-50.5 + wind >=10,2,59,68,36,40,23,28,-0.09962364169873361,127,0.4645669291338583,0.47368421052631576,51,0.45098039215686275,0.4779219422067188,0.7310088822226056,0.9357985932392043,UNDER,True,True
temp 33-45 + grass + division,3,59,68,33,39,26,29,-0.09817957453360228,127,0.4645669291338583,0.4583333333333333,55,0.4727272727272727,0.4779219422067188,0.555997717760971,0.9357985932392043,UNDER,True,True
total 45-47.5 + dome/closed + division,3,55,47,29,24,26,23,0.04555287919962767,102,0.5392156862745098,0.5471698113207547,49,0.5306122448979592,0.48843446453263245,0.5831321542611763,0.9428539065080412,OVER,True,True
home dog + turf + either team new QB,3,48,56,19,22,29,34,-0.10605363095626877,104,0.46153846153846156,0.4634146341463415,63,0.4603174603174603,0.4926450664865023,0.755228657504631,0.9480118313260371,UNDER,True,True
spread 3.5-7 + weeks 13+ reg + either team new QB,3,49,57,22,26,27,31,-0.10653250780463945,106,0.46226415094339623,0.4583333333333333,58,0.46551724137931033,0.4967543930289453,0.6654658120766188,0.9503943873754306,UNDER,True,True
total 38.5-41.5 + grass + both off under,3,65,74,42,48,23,26,-0.09564449649118725,139,0.4676258992805755,0.4666666666666667,49,0.46938775510204084,0.4975641415966093,0.5984117182335192,0.9503943873754306,UNDER,True,True
total 38.5-41.5 + dome/closed + turf,3,59,51,28,25,31,26,0.03549733809747113,110,0.5363636363636364,0.5283018867924528,57,0.543859649122807,0.5046848075879904,0.7838463022094988,0.9503943873754306,OVER,True,True
total 38.5-41.5 + dome/closed + non-division,3,46,39,24,20,22,19,0.04535191014137679,85,0.5411764705882353,0.5454545454545454,41,0.5365853658536586,0.5154257318839001,0.651587827208914,0.9503943873754306,OVER,True,True
temp 33-45 + weeks 13+ reg + both off under,3,37,43,18,22,19,21,-0.1107547913815234,80,0.4625,0.45,40,0.475,0.5764306261883931,0.6358280026288412,0.9694324156290213,UNDER,True,True
spread 3.5-7 + turf + either team new QB,3,55,62,25,29,30,33,-0.08746393234938186,117,0.4700854700854701,0.46296296296296297,63,0.47619047619047616,0.5792902501877032,0.6834892282353371,0.9694324156290213,UNDER,True,True
home fav + temp 33-45 + both off under,3,41,47,22,25,19,22,-0.09951724993622037,88,0.4659090909090909,0.46808510638297873,41,0.4634146341463415,0.5942882951469401,0.7708669945730263,0.9694324156290213,UNDER,True,True
total 42-44.5 + spread 10+ + non-division,3,43,49,24,27,19,22,-0.08789140551973733,92,0.4673913043478261,0.47058823529411764,41,0.4634146341463415,0.6024122776961505,0.7797679305530743,0.9694324156290213,UNDER,True,True
spread 10+ + turf + non-division,3,71,64,42,38,29,26,0.02163991520103806,135,0.5259259259259259,0.525,55,0.5272727272727272,0.6057422651905515,0.7375543089843226,0.9694324156290213,OVER,True,True
total 38.5-41.5 + home fav + both off under,3,71,64,44,40,27,24,0.01762262373062095,135,0.5259259259259259,0.5238095238095238,51,0.5294117647058824,0.6057422651905515,0.7436441861052041,0.9694324156290213,OVER,True,True
